contig,start,end,reads,pct_of_aligned
CM148777.1,1426,6889,20116403,27.5980
JBQVBD010000012.1,2306888,2317346,16136935,22.1385
JBQVBD010000012.1,2337829,2346320,8180144,11.2225
JBQVBD010000012.1,2319403,2327374,8073893,11.0767
JBQVBD010000012.1,2328403,2337073,7924776,10.8721
JBQVBD010000012.1,2297738,2304166,3197884,4.3872
CM148777.1,36791,41721,884282,1.2132
CM148777.1,53040,64068,117960,0.1618
JBQVBD010000016.1,3889858,3891635,90258,0.1238
JBQVBD010000011.1,2523268,2524404,57117,0.0784
JBQVBD010000011.1,863029,865047,42964,0.0589
JBQVBD010000016.1,3608317,3609011,42397,0.0582
JBQVBD010000017.1,794310,795074,37927,0.0520
JBQVBD010000017.1,3015241,3015710,35739,0.0490
JBQVBD010000015.1,2722045,2722541,30629,0.0420
JBQVBD010000017.1,2950493,2950727,30350,0.0416
JBQVBD010000011.1,2725710,2726997,27221,0.0373
JBQVBD010000009.1,2321018,2322281,25882,0.0355
CM148777.1,19221,26775,25643,0.0352
JBQVBD010000017.1,4158874,4159655,22034,0.0302
JBQVBD010000010.1,1116070,1116426,21575,0.0296
JBQVBD010000008.1,1078583,1078809,19062,0.0262
JBQVBD010000015.1,2098419,2098726,17105,0.0235
JBQVBD010000017.1,4023701,4027062,16683,0.0229
JBQVBD010000016.1,5042683,5043772,16491,0.0226
JBQVBD010000011.1,700937,703023,16326,0.0224
JBQVBD010000015.1,1119969,1121165,15671,0.0215
JBQVBD010000007.1,192087,193974,15091,0.0207
JBQVBD010000016.1,3746571,3747054,14875,0.0204
JBQVBD010000008.1,1090120,1090613,14490,0.0199
JBQVBD010000010.1,892341,892634,12676,0.0174
JBQVBD010000016.1,2448771,2450380,12491,0.0171
JBQVBD010000004.1,900580,901971,12420,0.0170
JBQVBD010000017.1,3137955,3138852,12200,0.0167
JBQVBD010000015.1,1708425,1708785,11938,0.0164
JBQVBD010000010.1,2294600,2295375,11763,0.0161
JBQVBD010000017.1,2893845,2894218,10922,0.0150
JBQVBD010000010.1,2594668,2596818,10484,0.0144
JBQVBD010000017.1,4327491,4330108,10225,0.0140
JBQVBD010000011.1,1854833,1855282,10103,0.0139
JBQVBD010000010.1,2197528,2197816,9799,0.0134
JBQVBD010000011.1,685826,686371,9708,0.0133
CM148777.1,7224,9554,9649,0.0132
JBQVBD010000017.1,821691,823495,9606,0.0132
CM148777.1,47153,52708,9563,0.0131
CM148777.1,42023,46078,9529,0.0131
JBQVBD010000012.1,1476487,1478793,9424,0.0129
JBQVBD010000017.1,1303206,1304071,9208,0.0126
JBQVBD010000014.1,2164942,2166717,9195,0.0126
JBQVBD010000017.1,891261,891549,9168,0.0126
JBQVBD010000008.1,1636713,1637079,9132,0.0125
JBQVBD010000016.1,4692471,4692843,9055,0.0124
JBQVBD010000016.1,2740387,2740874,8747,0.0120
JBQVBD010000013.1,932637,933002,8579,0.0118
JBQVBD010000012.1,1292496,1292663,8498,0.0117
JBQVBD010000004.1,630877,632616,8285,0.0114
JBQVBD010000011.1,628014,628537,8153,0.0112
JBQVBD010000017.1,4527681,4529608,8108,0.0111
JBQVBD010000016.1,1761631,1761945,8047,0.0110
JBQVBD010000010.1,1044489,1045866,7847,0.0108
JBQVBD010000016.1,3893203,3895661,7757,0.0106
JBQVBD010000009.1,482758,482961,7711,0.0106
JBQVBD010000015.1,2940627,2940942,7679,0.0105
JBQVBD010000016.1,2561915,2562167,7611,0.0104
JBQVBD010000009.1,1207929,1208600,7394,0.0101
JBQVBD010000015.1,2132907,2133746,7183,0.0099
JBQVBD010000016.1,2203108,2203710,7162,0.0098
JBQVBD010000017.1,3035081,3036929,7150,0.0098
JBQVBD010000016.1,2694596,2695147,7122,0.0098
JBQVBD010000010.1,2302566,2303131,7076,0.0097
JBQVBD010000012.1,2535504,2539169,7036,0.0097
JBQVBD010000009.1,1936669,1937262,7020,0.0096
JBQVBD010000016.1,3367220,3368341,7005,0.0096
JBQVBD010000015.1,3392002,3394658,6943,0.0095
JBQVBD010000007.1,886881,887089,6790,0.0093
JBQVBD010000017.1,3062691,3063080,6704,0.0092
JBQVBD010000017.1,1999435,2000815,6629,0.0091
JBQVBD010000009.1,1540803,1541699,6568,0.0090
JBQVBD010000015.1,747538,749042,6520,0.0089
JBQVBD010000011.1,1761746,1762852,6439,0.0088
JBQVBD010000015.1,534001,534597,6432,0.0088
JBQVBD010000004.1,504520,504764,6290,0.0086
JBQVBD010000017.1,3569235,3570030,6261,0.0086
JBQVBD010000014.1,1169634,1170400,6213,0.0085
JBQVBD010000017.1,4608879,4613135,6062,0.0083
JBQVBD010000014.1,253364,253795,5988,0.0082
JBQVBD010000010.1,1253562,1253816,5939,0.0081
JBQVBD010000017.1,3798032,3798251,5892,0.0081
JBQVBD010000017.1,3781108,3781525,5884,0.0081
JBQVBD010000008.1,1485537,1486832,5758,0.0079
JBQVBD010000016.1,3016917,3017230,5735,0.0079
JBQVBD010000017.1,3302524,3305476,5676,0.0078
JBQVBD010000010.1,2200969,2201258,5606,0.0077
JBQVBD010000010.1,2226354,2228568,5503,0.0075
JBQVBD010000012.1,780455,781305,5501,0.0075
JBQVBD010000015.1,1658775,1659030,5463,0.0075
JBQVBD010000016.1,2370247,2370849,5450,0.0075
JBQVBD010000017.1,3131400,3131867,5424,0.0074
JBQVBD010000012.1,1206344,1206921,5357,0.0073
JBQVBD010000012.1,580963,581698,5276,0.0072
JBQVBD010000015.1,3503534,3504608,5229,0.0072
JBQVBD010000016.1,1758521,1759591,4991,0.0068
JBQVBD010000009.1,1530424,1530853,4922,0.0068
JBQVBD010000016.1,4071361,4073164,4908,0.0067
JBQVBD010000010.1,1260520,1261012,4896,0.0067
JBQVBD010000015.1,451823,452164,4883,0.0067
JBQVBD010000012.1,1735749,1736497,4881,0.0067
JBQVBD010000008.1,1288063,1288649,4836,0.0066
JBQVBD010000009.1,196017,196204,4810,0.0066
JBQVBD010000010.1,2583706,2585634,4798,0.0066
JBQVBD010000015.1,690268,691608,4662,0.0064
JBQVBD010000008.1,764608,764877,4649,0.0064
JBQVBD010000016.1,2726334,2726748,4637,0.0064
JBQVBD010000007.1,306983,308380,4586,0.0063
JBQVBD010000015.1,635495,636536,4577,0.0063
JBQVBD010000016.1,5078459,5078816,4557,0.0063
JBQVBD010000010.1,1978821,1979326,4517,0.0062
JBQVBD010000014.1,1226939,1227637,4512,0.0062
JBQVBD010000016.1,2476124,2477796,4476,0.0061
JBQVBD010000017.1,4150136,4154353,4473,0.0061
JBQVBD010000017.1,4171744,4172990,4463,0.0061
JBQVBD010000010.1,1456348,1456600,4408,0.0060
JBQVBD010000010.1,2218612,2219577,4399,0.0060
JBQVBD010000015.1,1880119,1880565,4349,0.0060
JBQVBD010000016.1,2100930,2101741,4325,0.0059
JBQVBD010000016.1,601270,601491,4279,0.0059
JBQVBD010000015.1,340736,341365,4254,0.0058
JBQVBD010000015.1,3438249,3438921,4128,0.0057
JBQVBD010000016.1,4547997,4550698,4114,0.0056
JBQVBD010000014.1,1753774,1753935,4085,0.0056
JBQVBD010000017.1,2472660,2474859,4070,0.0056
JBQVBD010000012.1,2632271,2635544,4070,0.0056
JBQVBD010000015.1,496366,497022,4054,0.0056
JBQVBD010000016.1,3007988,3008155,4051,0.0056
JBQVBD010000011.1,79071,79802,4045,0.0055
JBQVBD010000016.1,3258015,3258383,4028,0.0055
JBQVBD010000007.1,318247,318526,3871,0.0053
JBQVBD010000010.1,1001697,1002390,3862,0.0053
CM148777.1,12124,17049,3832,0.0053
JBQVBD010000017.1,3078265,3078513,3831,0.0053
JBQVBD010000017.1,3331299,3331906,3809,0.0052
JBQVBD010000017.1,4352750,4353461,3793,0.0052
JBQVBD010000011.1,1421604,1422220,3791,0.0052
JBQVBD010000011.1,665547,666350,3762,0.0052
JBQVBD010000015.1,3971053,3972111,3746,0.0051
JBQVBD010000011.1,2213225,2215903,3726,0.0051
JBQVBD010000014.1,776618,777152,3689,0.0051
JBQVBD010000011.1,1201129,1201655,3674,0.0050
JBQVBD010000012.1,258590,258940,3664,0.0050
JBQVBD010000012.1,1631317,1631505,3580,0.0049
JBQVBD010000009.1,293971,294200,3571,0.0049
JBQVBD010000009.1,467890,468254,3548,0.0049
JBQVBD010000016.1,3830994,3831225,3517,0.0048
JBQVBD010000013.1,2498944,2499636,3516,0.0048
JBQVBD010000008.1,1960901,1960988,3511,0.0048
JBQVBD010000017.1,3759405,3761131,3501,0.0048
JBQVBD010000016.1,2258902,2259519,3491,0.0048
JBQVBD010000007.1,449985,450285,3451,0.0047
JBQVBD010000016.1,1671985,1672910,3418,0.0047
JBQVBD010000017.1,1552233,1552915,3402,0.0047
JBQVBD010000010.1,2270162,2270339,3400,0.0047
JBQVBD010000009.1,678744,679310,3391,0.0047
JBQVBD010000015.1,2697124,2697460,3387,0.0046
JBQVBD010000016.1,4995675,4996299,3353,0.0046
JBQVBD010000015.1,830806,831395,3342,0.0046
JBQVBD010000013.1,470418,471028,3321,0.0046
JBQVBD010000017.1,4548322,4548785,3312,0.0045
JBQVBD010000017.1,4244553,4249369,3311,0.0045
JBQVBD010000011.1,1977924,1979701,3294,0.0045
JBQVBD010000007.1,709539,711090,3285,0.0045
JBQVBD010000015.1,3116015,3116303,3272,0.0045
JBQVBD010000013.1,2288437,2288662,3257,0.0045
JBQVBD010000012.1,366330,366543,3253,0.0045
JBQVBD010000017.1,3261673,3262284,3252,0.0045
JBQVBD010000016.1,4209089,4210207,3238,0.0044
JBQVBD010000010.1,2416677,2417606,3205,0.0044
JBQVBD010000014.1,2011442,2012396,3194,0.0044
JBQVBD010000017.1,3324627,3326165,3181,0.0044
JBQVBD010000010.1,1489390,1490622,3162,0.0043
JBQVBD010000010.1,2270704,2272154,3145,0.0043
JBQVBD010000014.1,2030094,2030907,3131,0.0043
JBQVBD010000016.1,4563124,4563525,3097,0.0042
JBQVBD010000015.1,2321485,2324692,3084,0.0042
JBQVBD010000013.1,770449,770736,3081,0.0042
JBQVBD010000009.1,1904868,1905110,3076,0.0042
JBQVBD010000004.1,895843,899781,3019,0.0041
JBQVBD010000017.1,2101825,2102141,2965,0.0041
JBQVBD010000017.1,1970912,1971453,2960,0.0041
JBQVBD010000007.1,1388461,1389465,2951,0.0040
JBQVBD010000014.1,2876943,2877913,2937,0.0040
JBQVBD010000015.1,281142,282611,2923,0.0040
JBQVBD010000016.1,47136,47359,2898,0.0040
JBQVBD010000011.1,549458,549714,2896,0.0040
JBQVBD010000015.1,2453669,2455424,2885,0.0040
JBQVBD010000013.1,2591106,2592278,2868,0.0039
JBQVBD010000010.1,1106577,1106906,2866,0.0039
JBQVBD010000015.1,1201731,1203044,2862,0.0039
JBQVBD010000010.1,1363500,1363893,2842,0.0039
JBQVBD010000014.1,3118454,3121545,2831,0.0039
JBQVBD010000017.1,811444,811547,2825,0.0039
JBQVBD010000010.1,953845,954612,2731,0.0037
JBQVBD010000016.1,2638120,2638684,2727,0.0037
JBQVBD010000011.1,1329968,1330429,2725,0.0037
JBQVBD010000017.1,757281,757458,2710,0.0037
JBQVBD010000015.1,2099316,2099799,2707,0.0037
JBQVBD010000017.1,1860538,1860738,2698,0.0037
JBQVBD010000008.1,84622,86006,2684,0.0037
JBQVBD010000016.1,4846711,4848049,2675,0.0037
JBQVBD010000015.1,813375,813958,2675,0.0037
JBQVBD010000016.1,1577926,1578294,2672,0.0037
JBQVBD010000015.1,1517191,1518611,2669,0.0037
JBQVBD010000015.1,318223,321996,2661,0.0037
JBQVBD010000004.1,1029252,1029494,2613,0.0036
JBQVBD010000016.1,2346336,2346868,2606,0.0036
JBQVBD010000016.1,4055561,4055980,2605,0.0036
JBQVBD010000010.1,286034,286427,2572,0.0035
JBQVBD010000010.1,1802092,1804572,2570,0.0035
JBQVBD010000017.1,3467296,3467734,2568,0.0035
JBQVBD010000015.1,3051442,3052112,2559,0.0035
JBQVBD010000016.1,4857617,4858159,2555,0.0035
JBQVBD010000016.1,2127432,2128003,2552,0.0035
JBQVBD010000011.1,1767229,1767657,2512,0.0034
JBQVBD010000012.1,1168668,1169153,2511,0.0034
JBQVBD010000010.1,1702460,1702593,2468,0.0034
JBQVBD010000016.1,3095274,3095582,2411,0.0033
JBQVBD010000017.1,3479455,3479714,2407,0.0033
JBQVBD010000017.1,3359418,3360211,2405,0.0033
JBQVBD010000010.1,1307587,1308318,2405,0.0033
JBQVBD010000006.1,1343168,1343516,2403,0.0033
JBQVBD010000005.1,850979,854804,2396,0.0033
JBQVBD010000017.1,3005158,3005642,2386,0.0033
JBQVBD010000015.1,3463141,3463358,2357,0.0032
JBQVBD010000007.1,907440,907660,2349,0.0032
JBQVBD010000007.1,243984,244492,2348,0.0032
JBQVBD010000017.1,1214816,1215274,2340,0.0032
JBQVBD010000016.1,4808456,4808651,2312,0.0032
JBQVBD010000010.1,1748688,1750208,2311,0.0032
JBQVBD010000016.1,2834026,2836596,2292,0.0031
JBQVBD010000012.1,988354,988721,2290,0.0031
JBQVBD010000015.1,3159954,3161577,2278,0.0031
JBQVBD010000010.1,1713424,1713740,2265,0.0031
JBQVBD010000017.1,1596815,1597420,2264,0.0031
JBQVBD010000017.1,3011151,3011871,2254,0.0031
JBQVBD010000006.1,1177353,1177982,2252,0.0031
JBQVBD010000015.1,3244538,3247421,2242,0.0031
JBQVBD010000013.1,52081,52527,2242,0.0031
JBQVBD010000017.1,259634,259763,2239,0.0031
JBQVBD010000004.1,304191,304670,2228,0.0031
JBQVBD010000017.1,2999092,3001899,2223,0.0030
JBQVBD010000016.1,2205549,2206151,2218,0.0030
JBQVBD010000016.1,2394498,2394827,2214,0.0030
JBQVBD010000010.1,1611832,1612029,2209,0.0030
JBQVBD010000015.1,2739570,2739820,2199,0.0030
JBQVBD010000008.1,1072658,1074761,2199,0.0030
JBQVBD010000011.1,2739168,2739962,2194,0.0030
JBQVBD010000008.1,729696,732215,2165,0.0030
JBQVBD010000016.1,1999406,2000161,2162,0.0030
JBQVBD010000011.1,2132213,2133210,2162,0.0030
JBQVBD010000017.1,2255511,2255773,2158,0.0030
JBQVBD010000012.1,2910651,2914970,2156,0.0030
JBQVBD010000015.1,1478635,1478877,2149,0.0029
JBQVBD010000015.1,1456811,1459291,2149,0.0029
JBQVBD010000009.1,260511,260767,2142,0.0029
JBQVBD010000016.1,2268529,2269102,2141,0.0029
JBQVBD010000014.1,1063398,1064069,2136,0.0029
JBQVBD010000016.1,3896836,3898781,2134,0.0029
JBQVBD010000011.1,125098,126763,2134,0.0029
JBQVBD010000017.1,2540598,2542014,2131,0.0029
JBQVBD010000008.1,608346,609244,2129,0.0029
JBQVBD010000016.1,3923534,3924181,2128,0.0029
JBQVBD010000013.1,2495318,2496161,2123,0.0029
JBQVBD010000014.1,1017100,1017262,2111,0.0029
JBQVBD010000016.1,3033589,3033803,2105,0.0029
JBQVBD010000012.1,1411345,1411838,2102,0.0029
JBQVBD010000011.1,469158,470203,2080,0.0029
JBQVBD010000016.1,1989411,1991324,2067,0.0028
JBQVBD010000014.1,2508262,2509084,2061,0.0028
JBQVBD010000015.1,1487509,1488037,2051,0.0028
JBQVBD010000010.1,2587595,2588176,2050,0.0028
JBQVBD010000016.1,2874573,2874829,2049,0.0028
JBQVBD010000015.1,1815478,1815876,2045,0.0028
JBQVBD010000017.1,2777599,2777844,2039,0.0028
JBQVBD010000010.1,2156780,2156995,2031,0.0028
JBQVBD010000014.1,1495715,1496209,2023,0.0028
JBQVBD010000013.1,2455337,2455486,2012,0.0028
JBQVBD010000010.1,2628864,2629166,2002,0.0027
JBQVBD010000009.1,1970357,1970791,1995,0.0027
JBQVBD010000014.1,2565701,2566990,1994,0.0027
JBQVBD010000017.1,3027121,3027326,1984,0.0027
JBQVBD010000010.1,1298489,1299666,1983,0.0027
JBQVBD010000016.1,1960003,1960961,1975,0.0027
JBQVBD010000008.1,601360,602793,1974,0.0027
JBQVBD010000008.1,251078,251726,1950,0.0027
JBQVBD010000013.1,2543505,2543824,1949,0.0027
JBQVBD010000011.1,1771831,1772487,1947,0.0027
JBQVBD010000012.1,1420578,1425234,1940,0.0027
JBQVBD010000017.1,963508,963864,1929,0.0026
JBQVBD010000011.1,429037,430985,1920,0.0026
JBQVBD010000008.1,194428,194847,1918,0.0026
JBQVBD010000016.1,2445175,2445755,1916,0.0026
JBQVBD010000017.1,852575,853002,1912,0.0026
JBQVBD010000014.1,1193104,1193536,1910,0.0026
JBQVBD010000017.1,2046588,2047050,1902,0.0026
JBQVBD010000007.1,719636,720284,1901,0.0026
JBQVBD010000006.1,1311214,1311593,1898,0.0026
JBQVBD010000012.1,572763,573104,1892,0.0026
JBQVBD010000009.1,656866,657394,1891,0.0026
JBQVBD010000017.1,1122872,1123682,1884,0.0026
JBQVBD010000013.1,3026149,3026761,1883,0.0026
JBQVBD010000015.1,987976,988247,1869,0.0026
JBQVBD010000012.1,2467012,2467599,1855,0.0025
JBQVBD010000017.1,3448103,3448445,1853,0.0025
JBQVBD010000003.1,66059,67660,1851,0.0025
JBQVBD010000010.1,2715352,2715970,1847,0.0025
JBQVBD010000017.1,2832238,2832644,1845,0.0025
JBQVBD010000010.1,2502150,2502472,1843,0.0025
JBQVBD010000013.1,2038048,2038512,1823,0.0025
JBQVBD010000010.1,2764368,2764763,1821,0.0025
JBQVBD010000007.1,577360,578225,1816,0.0025
JBQVBD010000016.1,944559,945461,1807,0.0025
JBQVBD010000003.1,835268,835599,1791,0.0025
JBQVBD010000010.1,2084268,2084514,1789,0.0025
JBQVBD010000016.1,2910858,2911489,1788,0.0025
JBQVBD010000016.1,2876250,2877645,1788,0.0025
JBQVBD010000015.1,766442,766711,1787,0.0025
JBQVBD010000006.1,1317776,1318083,1781,0.0024
JBQVBD010000016.1,2669284,2669430,1780,0.0024
JBQVBD010000015.1,796059,796391,1774,0.0024
JBQVBD010000007.1,263036,263256,1771,0.0024
JBQVBD010000014.1,750248,750606,1768,0.0024
JBQVBD010000005.1,949549,950376,1767,0.0024
JBQVBD010000004.1,662445,663647,1766,0.0024
JBQVBD010000017.1,1078973,1079217,1760,0.0024
JBQVBD010000015.1,2114061,2114838,1759,0.0024
JBQVBD010000016.1,2838398,2838624,1753,0.0024
JBQVBD010000015.1,578720,578989,1752,0.0024
JBQVBD010000010.1,2010180,2010364,1748,0.0024
JBQVBD010000015.1,1870934,1871803,1730,0.0024
JBQVBD010000010.1,2244018,2246454,1726,0.0024
JBQVBD010000017.1,2354219,2354616,1724,0.0024
JBQVBD010000010.1,2499895,2500733,1722,0.0024
JBQVBD010000014.1,585463,585739,1714,0.0024
JBQVBD010000014.1,2217894,2218407,1714,0.0024
JBQVBD010000007.1,632762,634304,1699,0.0023
JBQVBD010000012.1,1772778,1773857,1694,0.0023
JBQVBD010000016.1,2073203,2073827,1689,0.0023
JBQVBD010000015.1,1095077,1095564,1689,0.0023
JBQVBD010000010.1,1952914,1953376,1679,0.0023
JBQVBD010000017.1,316733,317313,1668,0.0023
JBQVBD010000010.1,1592166,1592745,1665,0.0023
JBQVBD010000011.1,792922,793550,1661,0.0023
JBQVBD010000009.1,530664,531242,1659,0.0023
JBQVBD010000017.1,2359425,2360065,1658,0.0023
JBQVBD010000010.1,2750523,2752426,1655,0.0023
JBQVBD010000010.1,1732510,1732726,1650,0.0023
JBQVBD010000004.1,522066,522913,1642,0.0023
JBQVBD010000013.1,2247392,2249212,1637,0.0022
JBQVBD010000015.1,731814,732522,1635,0.0022
JBQVBD010000015.1,2126870,2127103,1629,0.0022
JBQVBD010000017.1,4878865,4879254,1616,0.0022
JBQVBD010000017.1,1476338,1477020,1616,0.0022
JBQVBD010000010.1,1246145,1246319,1615,0.0022
JBQVBD010000016.1,2903877,2905373,1611,0.0022
JBQVBD010000004.1,269342,269869,1611,0.0022
JBQVBD010000017.1,2026482,2027655,1603,0.0022
JBQVBD010000016.1,4435969,4436525,1589,0.0022
JBQVBD010000017.1,2814886,2815150,1579,0.0022
JBQVBD010000011.1,2520406,2520660,1579,0.0022
JBQVBD010000017.1,1430471,1431583,1576,0.0022
JBQVBD010000015.1,778814,781536,1574,0.0022
JBQVBD010000017.1,3366970,3367458,1569,0.0022
JBQVBD010000009.1,2488076,2488222,1562,0.0021
JBQVBD010000007.1,619640,620944,1560,0.0021
JBQVBD010000015.1,675738,677891,1552,0.0021
JBQVBD010000010.1,1115327,1115704,1552,0.0021
JBQVBD010000003.1,737940,738566,1552,0.0021
JBQVBD010000008.1,396851,397432,1547,0.0021
JBQVBD010000016.1,4869434,4871961,1546,0.0021
JBQVBD010000017.1,3099280,3102631,1532,0.0021
JBQVBD010000009.1,1042098,1043403,1531,0.0021
JBQVBD010000015.1,1592577,1593390,1527,0.0021
JBQVBD010000003.1,53386,53571,1517,0.0021
JBQVBD010000016.1,1953890,1954084,1515,0.0021
JBQVBD010000016.1,3913193,3913668,1513,0.0021
JBQVBD010000017.1,1101597,1101845,1504,0.0021
JBQVBD010000010.1,1844833,1845081,1504,0.0021
JBQVBD010000010.1,797952,798447,1499,0.0021
JBQVBD010000016.1,3050034,3050333,1495,0.0021
JBQVBD010000011.1,2086208,2086440,1492,0.0020
JBQVBD010000007.1,1191091,1191583,1476,0.0020
JBQVBD010000010.1,662640,663710,1472,0.0020
JBQVBD010000017.1,3617487,3618169,1470,0.0020
JBQVBD010000013.1,1960908,1962845,1470,0.0020
JBQVBD010000009.1,1302433,1303064,1462,0.0020
JBQVBD010000011.1,1268266,1269014,1461,0.0020
JBQVBD010000017.1,4713161,4713350,1457,0.0020
JBQVBD010000008.1,451419,452868,1456,0.0020
JBQVBD010000015.1,1935837,1936197,1453,0.0020
JBQVBD010000010.1,2033847,2037105,1440,0.0020
JBQVBD010000017.1,4586339,4587385,1438,0.0020
JBQVBD010000010.1,1175577,1176009,1434,0.0020
JBQVBD010000017.1,2693625,2694073,1433,0.0020
JBQVBD010000014.1,2664837,2665163,1432,0.0020
JBQVBD010000012.1,2445393,2447927,1431,0.0020
JBQVBD010000011.1,228434,230813,1430,0.0020
JBQVBD010000016.1,2313489,2313895,1428,0.0020
JBQVBD010000012.1,1531143,1531393,1426,0.0020
JBQVBD010000007.1,216383,216757,1424,0.0020
JBQVBD010000009.1,892254,893865,1423,0.0020
JBQVBD010000007.1,180338,180670,1416,0.0019
JBQVBD010000005.1,919276,920087,1416,0.0019
JBQVBD010000007.1,705455,707186,1414,0.0019
JBQVBD010000016.1,4740133,4740455,1409,0.0019
JBQVBD010000008.1,1745993,1746325,1409,0.0019
JBQVBD010000008.1,1581760,1582344,1409,0.0019
JBQVBD010000013.1,1253371,1254028,1408,0.0019
JBQVBD010000016.1,1497104,1497914,1404,0.0019
JBQVBD010000016.1,3029710,3030038,1399,0.0019
JBQVBD010000011.1,2584041,2584706,1396,0.0019
JBQVBD010000003.1,6529,6809,1395,0.0019
JBQVBD010000015.1,3326227,3327053,1392,0.0019
JBQVBD010000011.1,1661442,1661783,1391,0.0019
JBQVBD010000017.1,4815717,4816056,1385,0.0019
JBQVBD010000013.1,1786401,1786595,1383,0.0019
JBQVBD010000012.1,2457514,2460627,1381,0.0019
JBQVBD010000015.1,937550,938265,1380,0.0019
JBQVBD010000015.1,470571,470876,1380,0.0019
JBQVBD010000017.1,2067711,2067917,1371,0.0019
JBQVBD010000016.1,2809925,2810240,1370,0.0019
JBQVBD010000016.1,1567732,1568879,1366,0.0019
JBQVBD010000010.1,2341292,2341779,1366,0.0019
JBQVBD010000003.1,80400,80770,1366,0.0019
JBQVBD010000010.1,2354659,2355242,1358,0.0019
JBQVBD010000015.1,3821636,3822529,1356,0.0019
JBQVBD010000017.1,2661068,2661464,1354,0.0019
JBQVBD010000010.1,2202490,2205444,1352,0.0019
JBQVBD010000006.1,1179703,1180047,1349,0.0019
JBQVBD010000016.1,4776580,4778866,1346,0.0018
JBQVBD010000010.1,2748465,2749722,1345,0.0018
JBQVBD010000010.1,2728519,2728989,1344,0.0018
JBQVBD010000016.1,4251253,4251941,1342,0.0018
JBQVBD010000007.1,194940,196967,1339,0.0018
JBQVBD010000011.1,1789032,1789275,1328,0.0018
JBQVBD010000011.1,1530376,1530838,1324,0.0018
JBQVBD010000016.1,4513394,4513699,1323,0.0018
JBQVBD010000015.1,3171195,3172243,1322,0.0018
JBQVBD010000017.1,66148,66907,1321,0.0018
JBQVBD010000007.1,1213336,1213857,1314,0.0018
JBQVBD010000014.1,1295040,1295910,1311,0.0018
JBQVBD010000011.1,1494932,1495203,1311,0.0018
JBQVBD010000010.1,739532,739946,1308,0.0018
JBQVBD010000009.1,1137630,1137888,1307,0.0018
JBQVBD010000008.1,1052724,1053247,1304,0.0018
JBQVBD010000015.1,599411,599822,1295,0.0018
JBQVBD010000010.1,2550263,2551397,1295,0.0018
JBQVBD010000011.1,913264,913683,1294,0.0018
JBQVBD010000017.1,2263044,2263409,1291,0.0018
JBQVBD010000017.1,2953120,2953397,1287,0.0018
JBQVBD010000016.1,610327,610683,1287,0.0018
JBQVBD010000016.1,4159971,4160154,1282,0.0018
JBQVBD010000010.1,2566355,2566504,1279,0.0018
JBQVBD010000013.1,1494934,1495235,1276,0.0018
JBQVBD010000003.1,724024,725930,1275,0.0017
JBQVBD010000016.1,1140079,1141280,1274,0.0017
JBQVBD010000014.1,1611614,1611952,1273,0.0017
JBQVBD010000016.1,1828826,1829190,1272,0.0017
JBQVBD010000014.1,2692038,2692214,1268,0.0017
JBQVBD010000013.1,1464370,1464593,1267,0.0017
JBQVBD010000013.1,2385102,2385436,1265,0.0017
JBQVBD010000012.1,1933258,1933775,1263,0.0017
JBQVBD010000011.1,1427051,1427256,1261,0.0017
JBQVBD010000014.1,2543300,2547707,1256,0.0017
JBQVBD010000017.1,2389173,2389335,1253,0.0017
JBQVBD010000017.1,1718573,1719102,1251,0.0017
JBQVBD010000016.1,4520461,4521018,1249,0.0017
JBQVBD010000014.1,1524076,1524433,1249,0.0017
JBQVBD010000011.1,2271957,2272128,1249,0.0017
JBQVBD010000010.1,1756297,1756427,1245,0.0017
JBQVBD010000017.1,4478729,4480641,1241,0.0017
JBQVBD010000017.1,2480871,2481048,1241,0.0017
JBQVBD010000011.1,2187592,2188355,1241,0.0017
JBQVBD010000017.1,992898,993182,1240,0.0017
JBQVBD010000017.1,4588317,4588666,1238,0.0017
JBQVBD010000007.1,582524,582873,1237,0.0017
JBQVBD010000004.1,670113,670305,1234,0.0017
JBQVBD010000017.1,2391274,2392010,1224,0.0017
JBQVBD010000017.1,3368277,3368679,1220,0.0017
JBQVBD010000015.1,1309864,1310531,1219,0.0017
JBQVBD010000011.1,1393804,1394360,1219,0.0017
JBQVBD010000007.1,853553,853973,1215,0.0017
JBQVBD010000017.1,2806977,2807195,1213,0.0017
JBQVBD010000016.1,4615054,4615589,1213,0.0017
JBQVBD010000016.1,4479727,4480056,1211,0.0017
JBQVBD010000015.1,1327265,1329150,1209,0.0017
JBQVBD010000017.1,4243362,4244035,1208,0.0017
JBQVBD010000017.1,3772802,3773089,1207,0.0017
JBQVBD010000015.1,1443943,1444523,1207,0.0017
JBQVBD010000008.1,449514,449888,1207,0.0017
JBQVBD010000007.1,605595,606131,1205,0.0017
JBQVBD010000004.1,1033284,1034636,1205,0.0017
JBQVBD010000017.1,2081117,2083009,1202,0.0016
JBQVBD010000017.1,1117181,1120117,1201,0.0016
JBQVBD010000010.1,1237843,1238037,1201,0.0016
JBQVBD010000016.1,2556734,2557191,1200,0.0016
JBQVBD010000015.1,3528297,3529190,1199,0.0016
JBQVBD010000017.1,3151037,3151748,1193,0.0016
JBQVBD010000015.1,1597718,1598198,1192,0.0016
JBQVBD010000002.1,192010,192927,1190,0.0016
JBQVBD010000017.1,4365707,4366087,1189,0.0016
JBQVBD010000017.1,3577774,3578243,1189,0.0016
JBQVBD010000014.1,2561305,2563033,1183,0.0016
JBQVBD010000011.1,2063192,2064062,1181,0.0016
JBQVBD010000003.1,527267,527876,1181,0.0016
JBQVBD010000008.1,717546,718366,1178,0.0016
JBQVBD010000008.1,947284,947441,1177,0.0016
JBQVBD010000016.1,4608784,4609779,1168,0.0016
JBQVBD010000016.1,4073620,4075000,1168,0.0016
JBQVBD010000010.1,1828878,1830116,1168,0.0016
JBQVBD010000006.1,1320321,1320986,1168,0.0016
JBQVBD010000011.1,2705893,2708053,1167,0.0016
JBQVBD010000008.1,934681,934906,1157,0.0016
JBQVBD010000017.1,2653312,2653674,1149,0.0016
JBQVBD010000012.1,1144476,1145632,1145,0.0016
JBQVBD010000011.1,2418571,2419003,1145,0.0016
JBQVBD010000017.1,4476699,4477026,1139,0.0016
JBQVBD010000016.1,2021162,2023269,1139,0.0016
JBQVBD010000016.1,1640777,1641620,1135,0.0016
JBQVBD010000010.1,2868611,2869580,1135,0.0016
JBQVBD010000016.1,570005,570571,1132,0.0016
JBQVBD010000014.1,2728947,2729602,1129,0.0015
JBQVBD010000010.1,945464,946069,1128,0.0015
JBQVBD010000014.1,2447094,2447503,1124,0.0015
JBQVBD010000011.1,770211,771723,1123,0.0015
JBQVBD010000011.1,1060666,1060919,1123,0.0015
JBQVBD010000009.1,2309820,2310105,1120,0.0015
JBQVBD010000017.1,3950393,3951227,1116,0.0015
JBQVBD010000012.1,1102689,1103074,1116,0.0015
JBQVBD010000007.1,1394159,1394883,1114,0.0015
JBQVBD010000009.1,1021759,1022036,1113,0.0015
JBQVBD010000011.1,22092,23114,1111,0.0015
JBQVBD010000017.1,2012708,2014470,1109,0.0015
JBQVBD010000014.1,2160688,2161404,1108,0.0015
CM148777.1,27397,29559,1107,0.0015
JBQVBD010000007.1,585615,589128,1103,0.0015
JBQVBD010000016.1,4544013,4544480,1102,0.0015
JBQVBD010000015.1,591789,592406,1102,0.0015
JBQVBD010000010.1,991987,992403,1101,0.0015
JBQVBD010000016.1,2259938,2261031,1092,0.0015
JBQVBD010000011.1,128434,132801,1089,0.0015
JBQVBD010000004.1,315762,316082,1087,0.0015
JBQVBD010000017.1,3398592,3398901,1086,0.0015
JBQVBD010000017.1,1592286,1592763,1086,0.0015
JBQVBD010000015.1,1044462,1045340,1086,0.0015
JBQVBD010000014.1,1007784,1008225,1086,0.0015
JBQVBD010000012.1,2644507,2646477,1086,0.0015
JBQVBD010000012.1,1814270,1815311,1081,0.0015
JBQVBD010000011.1,2547745,2548179,1076,0.0015
JBQVBD010000012.1,1641525,1642132,1070,0.0015
JBQVBD010000016.1,2522095,2522303,1065,0.0015
JBQVBD010000015.1,3037796,3040160,1064,0.0015
JBQVBD010000008.1,2011337,2012069,1064,0.0015
JBQVBD010000017.1,3648607,3648871,1057,0.0015
JBQVBD010000017.1,1146446,1146877,1057,0.0015
JBQVBD010000007.1,1090206,1090808,1055,0.0014
JBQVBD010000014.1,565315,565537,1052,0.0014
JBQVBD010000016.1,2597585,2597975,1049,0.0014
JBQVBD010000008.1,968229,968497,1049,0.0014
JBQVBD010000007.1,498170,498989,1047,0.0014
JBQVBD010000007.1,299076,299401,1046,0.0014
JBQVBD010000010.1,355247,355474,1038,0.0014
JBQVBD010000010.1,691795,691994,1037,0.0014
JBQVBD010000012.1,992519,992688,1034,0.0014
JBQVBD010000008.1,108205,110761,1033,0.0014
JBQVBD010000008.1,915917,916290,1031,0.0014
JBQVBD010000017.1,3061308,3062026,1028,0.0014
JBQVBD010000017.1,4725124,4725352,1026,0.0014
JBQVBD010000014.1,1088217,1088557,1026,0.0014
JBQVBD010000006.1,1102431,1103075,1024,0.0014
JBQVBD010000012.1,1092452,1092946,1023,0.0014
JBQVBD010000010.1,2757364,2759612,1020,0.0014
JBQVBD010000017.1,3406878,3407909,1016,0.0014
JBQVBD010000016.1,3407591,3408423,1013,0.0014
JBQVBD010000012.1,1928007,1928858,1012,0.0014
JBQVBD010000012.1,1983385,1984589,1010,0.0014
JBQVBD010000015.1,2858004,2859293,1008,0.0014
JBQVBD010000013.1,2278993,2279198,1007,0.0014
JBQVBD010000017.1,3443513,3444907,1005,0.0014
JBQVBD010000017.1,1936917,1937402,1002,0.0014
JBQVBD010000015.1,1173696,1174383,1002,0.0014
JBQVBD010000012.1,1797441,1797677,1002,0.0014
JBQVBD010000011.1,870326,871361,1002,0.0014
JBQVBD010000010.1,2718467,2719149,1002,0.0014
JBQVBD010000010.1,2318232,2319246,1001,0.0014
JBQVBD010000014.1,2333876,2334354,1000,0.0014
JBQVBD010000009.1,2154022,2154992,998,0.0014
JBQVBD010000016.1,4411904,4412817,996,0.0014
JBQVBD010000016.1,2010811,2011024,994,0.0014
JBQVBD010000011.1,879818,880377,993,0.0014
JBQVBD010000013.1,2514320,2516312,992,0.0014
JBQVBD010000016.1,4806102,4806643,990,0.0014
JBQVBD010000010.1,1660352,1661800,990,0.0014
JBQVBD010000015.1,1205650,1205822,989,0.0014
JBQVBD010000004.1,351912,353648,988,0.0014
JBQVBD010000016.1,1584404,1585572,987,0.0014
JBQVBD010000016.1,2953043,2953284,985,0.0014
JBQVBD010000017.1,3088423,3088568,979,0.0013
JBQVBD010000017.1,1554862,1556058,979,0.0013
JBQVBD010000017.1,1867149,1871451,977,0.0013
JBQVBD010000016.1,3247399,3247529,976,0.0013
JBQVBD010000017.1,3785826,3787058,974,0.0013
JBQVBD010000016.1,4330413,4335192,973,0.0013
JBQVBD010000011.1,453269,454034,973,0.0013
JBQVBD010000003.1,401999,402599,970,0.0013
JBQVBD010000007.1,12179,12541,968,0.0013
JBQVBD010000012.1,2356056,2357941,964,0.0013
JBQVBD010000008.1,801243,801432,964,0.0013
JBQVBD010000011.1,2074576,2075856,963,0.0013
JBQVBD010000014.1,2365519,2366256,953,0.0013
JBQVBD010000010.1,241407,242003,952,0.0013
JBQVBD010000005.1,625522,625919,951,0.0013
JBQVBD010000017.1,4089045,4089506,950,0.0013
JBQVBD010000010.1,274483,275515,949,0.0013
JBQVBD010000017.1,333610,334135,947,0.0013
JBQVBD010000013.1,2559113,2559392,943,0.0013
JBQVBD010000014.1,2007367,2007896,942,0.0013
JBQVBD010000010.1,474371,474625,940,0.0013
JBQVBD010000016.1,3168521,3168845,939,0.0013
JBQVBD010000012.1,1879969,1880269,938,0.0013
JBQVBD010000015.1,2118419,2118773,937,0.0013
JBQVBD010000013.1,2777695,2778111,937,0.0013
CM148777.1,64577,66914,936,0.0013
JBQVBD010000017.1,1094050,1094488,934,0.0013
JBQVBD010000014.1,2756287,2757206,933,0.0013
JBQVBD010000016.1,2737867,2738329,932,0.0013
JBQVBD010000017.1,3395190,3395755,930,0.0013
JBQVBD010000003.1,21599,23484,930,0.0013
JBQVBD010000010.1,351095,351281,926,0.0013
JBQVBD010000005.1,317345,318095,923,0.0013
JBQVBD010000017.1,846722,847179,922,0.0013
JBQVBD010000015.1,3022097,3022997,921,0.0013
JBQVBD010000016.1,2040984,2041329,920,0.0013
JBQVBD010000012.1,2640706,2642417,920,0.0013
JBQVBD010000014.1,1224339,1224939,918,0.0013
JBQVBD010000010.1,2237790,2237969,917,0.0013
JBQVBD010000017.1,2042369,2042582,915,0.0013
JBQVBD010000010.1,2232625,2233194,915,0.0013
JBQVBD010000013.1,1316204,1316527,914,0.0013
JBQVBD010000017.1,2165241,2165500,913,0.0013
JBQVBD010000003.1,395511,395957,913,0.0013
JBQVBD010000011.1,1152576,1153687,910,0.0012
JBQVBD010000013.1,1472652,1473335,909,0.0012
JBQVBD010000010.1,2743074,2743509,909,0.0012
JBQVBD010000011.1,991542,991726,906,0.0012
JBQVBD010000011.1,2604654,2605706,902,0.0012
JBQVBD010000015.1,2149216,2149372,899,0.0012
JBQVBD010000003.1,679258,683281,897,0.0012
JBQVBD010000015.1,1109300,1109937,896,0.0012
JBQVBD010000013.1,1110833,1111376,896,0.0012
JBQVBD010000009.1,1164471,1165777,896,0.0012
JBQVBD010000015.1,1112143,1112621,895,0.0012
JBQVBD010000012.1,1852787,1853178,895,0.0012
JBQVBD010000004.1,629645,629919,895,0.0012
JBQVBD010000014.1,1628857,1629327,894,0.0012
JBQVBD010000009.1,815395,815668,894,0.0012
JBQVBD010000015.1,728010,728562,891,0.0012
JBQVBD010000017.1,3425121,3427400,889,0.0012
JBQVBD010000012.1,2480619,2483003,887,0.0012
JBQVBD010000010.1,963872,964959,887,0.0012
JBQVBD010000014.1,2481239,2481578,886,0.0012
JBQVBD010000015.1,1025468,1026044,884,0.0012
JBQVBD010000010.1,2310513,2310906,884,0.0012
JBQVBD010000008.1,115683,116214,884,0.0012
JBQVBD010000015.1,1852106,1852251,883,0.0012
JBQVBD010000011.1,2409214,2409705,883,0.0012
JBQVBD010000011.1,2067114,2069052,883,0.0012
JBQVBD010000011.1,141948,142963,881,0.0012
JBQVBD010000010.1,2519254,2519528,881,0.0012
JBQVBD010000017.1,469840,470035,875,0.0012
JBQVBD010000017.1,1085912,1086248,875,0.0012
JBQVBD010000003.1,377194,377734,875,0.0012
JBQVBD010000017.1,2051832,2052742,873,0.0012
JBQVBD010000016.1,2088876,2089468,873,0.0012
JBQVBD010000016.1,1201905,1202079,872,0.0012
JBQVBD010000010.1,971476,972745,872,0.0012
JBQVBD010000016.1,1884205,1884543,868,0.0012
JBQVBD010000015.1,1617523,1617908,868,0.0012
JBQVBD010000013.1,221045,221182,868,0.0012
JBQVBD010000017.1,3360935,3361348,867,0.0012
JBQVBD010000008.1,1978198,1978560,866,0.0012
JBQVBD010000015.1,2979735,2980247,864,0.0012
JBQVBD010000014.1,928862,929168,863,0.0012
JBQVBD010000011.1,1497633,1498692,863,0.0012
JBQVBD010000015.1,1372560,1373042,861,0.0012
JBQVBD010000012.1,739721,740100,860,0.0012
JBQVBD010000015.1,850927,851557,859,0.0012
JBQVBD010000017.1,2988329,2988688,858,0.0012
JBQVBD010000017.1,676702,677259,856,0.0012
JBQVBD010000017.1,1113745,1116368,855,0.0012
JBQVBD010000007.1,507236,507674,855,0.0012
JBQVBD010000014.1,732551,733133,854,0.0012
JBQVBD010000012.1,1507046,1507200,852,0.0012
JBQVBD010000015.1,906384,906630,850,0.0012
JBQVBD010000011.1,2723787,2725360,850,0.0012
JBQVBD010000016.1,4552882,4553391,847,0.0012
JBQVBD010000017.1,2301725,2301972,845,0.0012
JBQVBD010000012.1,1000853,1001310,844,0.0012
JBQVBD010000014.1,1459900,1460892,840,0.0012
JBQVBD010000017.1,4345272,4345729,839,0.0012
JBQVBD010000016.1,3335357,3335615,839,0.0012
JBQVBD010000016.1,2366476,2367141,839,0.0012
JBQVBD010000012.1,2472333,2474943,839,0.0012
JBQVBD010000011.1,31948,32416,838,0.0011
JBQVBD010000010.1,2481312,2481511,838,0.0011
JBQVBD010000017.1,2218570,2218790,836,0.0011
JBQVBD010000015.1,586809,588950,835,0.0011
JBQVBD010000009.1,1083322,1083471,835,0.0011
JBQVBD010000013.1,522713,523164,832,0.0011
JBQVBD010000016.1,1033618,1033746,831,0.0011
JBQVBD010000016.1,3039564,3039772,830,0.0011
JBQVBD010000014.1,100235,101994,830,0.0011
JBQVBD010000010.1,2078686,2079054,829,0.0011
JBQVBD010000010.1,1086014,1086485,829,0.0011
JBQVBD010000017.1,2516570,2516838,828,0.0011
JBQVBD010000011.1,420441,421943,828,0.0011
JBQVBD010000017.1,4615444,4616086,826,0.0011
JBQVBD010000009.1,1783627,1784302,826,0.0011
JBQVBD010000002.1,62916,63181,826,0.0011
JBQVBD010000015.1,2172134,2172488,825,0.0011
JBQVBD010000012.1,3251723,3251967,825,0.0011
JBQVBD010000011.1,2698315,2699013,825,0.0011
JBQVBD010000011.1,1360370,1360628,824,0.0011
JBQVBD010000010.1,2840880,2842168,824,0.0011
JBQVBD010000011.1,2428059,2429246,823,0.0011
JBQVBD010000010.1,1602825,1603103,823,0.0011
JBQVBD010000005.1,807496,807576,823,0.0011
JBQVBD010000016.1,3123180,3123480,822,0.0011
JBQVBD010000008.1,406507,407705,822,0.0011
JBQVBD010000017.1,3687757,3688855,821,0.0011
JBQVBD010000016.1,2283143,2283407,821,0.0011
JBQVBD010000009.1,338156,340139,816,0.0011
JBQVBD010000013.1,1963185,1963427,808,0.0011
JBQVBD010000003.1,700635,703689,808,0.0011
JBQVBD010000010.1,2571697,2571842,807,0.0011
JBQVBD010000015.1,2208691,2209167,806,0.0011
JBQVBD010000010.1,1574773,1575022,806,0.0011
JBQVBD010000010.1,1451750,1453518,806,0.0011
JBQVBD010000013.1,763693,764389,805,0.0011
JBQVBD010000017.1,3689163,3689386,803,0.0011
JBQVBD010000016.1,1580038,1582302,803,0.0011
JBQVBD010000013.1,1998578,1999850,803,0.0011
JBQVBD010000016.1,3557236,3557609,802,0.0011
JBQVBD010000014.1,1480479,1480988,801,0.0011
JBQVBD010000003.1,639102,639551,801,0.0011
JBQVBD010000016.1,2343973,2344381,800,0.0011
JBQVBD010000011.1,671773,672226,798,0.0011
JBQVBD010000016.1,4645957,4647416,797,0.0011
JBQVBD010000006.1,1351567,1352320,796,0.0011
JBQVBD010000015.1,1033056,1033215,795,0.0011
JBQVBD010000014.1,2003627,2003882,793,0.0011
JBQVBD010000015.1,236210,240750,792,0.0011
JBQVBD010000016.1,4695613,4696164,790,0.0011
JBQVBD010000016.1,1612022,1612419,790,0.0011
JBQVBD010000015.1,2784169,2784488,790,0.0011
JBQVBD010000017.1,2435397,2435699,788,0.0011
JBQVBD010000015.1,1678753,1679761,788,0.0011
JBQVBD010000011.1,1748913,1749822,788,0.0011
JBQVBD010000012.1,1730309,1730590,787,0.0011
JBQVBD010000017.1,3847750,3847986,785,0.0011
JBQVBD010000016.1,2964854,2965249,785,0.0011
JBQVBD010000016.1,1165327,1167812,785,0.0011
JBQVBD010000011.1,1409571,1411548,785,0.0011
JBQVBD010000011.1,1112471,1113485,785,0.0011
JBQVBD010000015.1,2435871,2437846,784,0.0011
JBQVBD010000016.1,2378141,2378659,782,0.0011
JBQVBD010000010.1,2428530,2428705,779,0.0011
JBQVBD010000017.1,3474049,3474315,777,0.0011
JBQVBD010000016.1,2667669,2668008,774,0.0011
CM148777.1,32323,34705,773,0.0011
JBQVBD010000015.1,3234627,3235491,771,0.0011
JBQVBD010000015.1,2686636,2687172,770,0.0011
JBQVBD010000007.1,358264,358731,770,0.0011
JBQVBD010000003.1,448989,449202,768,0.0011
JBQVBD010000017.1,3748968,3749263,766,0.0011
JBQVBD010000010.1,2331798,2332208,766,0.0011
JBQVBD010000017.1,4174169,4174971,763,0.0010
JBQVBD010000011.1,138336,138978,763,0.0010
JBQVBD010000013.1,443701,445916,762,0.0010
JBQVBD010000004.1,551125,552462,761,0.0010
JBQVBD010000017.1,3542386,3542941,760,0.0010
JBQVBD010000008.1,1967562,1968483,760,0.0010
JBQVBD010000016.1,2807728,2807918,758,0.0010
JBQVBD010000013.1,1821710,1822042,757,0.0010
JBQVBD010000011.1,814838,816651,757,0.0010
JBQVBD010000017.1,1452410,1453165,755,0.0010
JBQVBD010000015.1,1665620,1665922,755,0.0010
JBQVBD010000017.1,760543,761143,753,0.0010
JBQVBD010000017.1,1563071,1563360,752,0.0010
JBQVBD010000017.1,3693496,3693744,751,0.0010
JBQVBD010000017.1,2076276,2077421,751,0.0010
JBQVBD010000015.1,894627,895027,751,0.0010
JBQVBD010000017.1,2878611,2879773,750,0.0010
JBQVBD010000012.1,2124872,2125298,749,0.0010
JBQVBD010000014.1,1910554,1911858,748,0.0010
JBQVBD010000011.1,803564,803922,748,0.0010
JBQVBD010000016.1,3512585,3512861,747,0.0010
JBQVBD010000016.1,3909134,3909359,746,0.0010
JBQVBD010000016.1,3384153,3384718,746,0.0010
JBQVBD010000013.1,834228,834412,746,0.0010
JBQVBD010000011.1,809303,810099,746,0.0010
JBQVBD010000015.1,362761,363226,743,0.0010
JBQVBD010000010.1,1370087,1371872,743,0.0010
JBQVBD010000016.1,1321195,1321958,742,0.0010
JBQVBD010000003.1,353045,353422,742,0.0010
JBQVBD010000011.1,775954,776531,741,0.0010
JBQVBD010000011.1,2007325,2008858,741,0.0010
JBQVBD010000011.1,2350223,2350741,740,0.0010
JBQVBD010000017.1,2707115,2707353,737,0.0010
JBQVBD010000010.1,366925,367407,737,0.0010
JBQVBD010000017.1,1720849,1721190,736,0.0010
JBQVBD010000015.1,1286487,1287448,736,0.0010
JBQVBD010000013.1,2225867,2227309,736,0.0010
JBQVBD010000012.1,1747616,1748514,736,0.0010
JBQVBD010000010.1,2208057,2208537,736,0.0010
JBQVBD010000010.1,1978136,1978306,736,0.0010
JBQVBD010000010.1,1418050,1418997,736,0.0010
JBQVBD010000010.1,1295900,1296184,735,0.0010
JBQVBD010000017.1,4181600,4181975,733,0.0010
JBQVBD010000017.1,3526044,3526435,733,0.0010
JBQVBD010000015.1,2366195,2366673,733,0.0010
JBQVBD010000009.1,1184480,1186008,730,0.0010
JBQVBD010000008.1,328548,329048,730,0.0010
JBQVBD010000013.1,1445937,1446092,729,0.0010
JBQVBD010000011.1,1117776,1118205,729,0.0010
JBQVBD010000004.1,957300,963353,729,0.0010
JBQVBD010000014.1,2069412,2070631,728,0.0010
JBQVBD010000010.1,1243491,1243827,725,0.0010
JBQVBD010000012.1,1059315,1060447,722,0.0010
JBQVBD010000005.1,219743,220553,722,0.0010
JBQVBD010000016.1,3985013,3986890,720,0.0010
JBQVBD010000008.1,1413862,1417480,720,0.0010
JBQVBD010000017.1,2972074,2972279,719,0.0010
JBQVBD010000010.1,182683,183755,719,0.0010
JBQVBD010000014.1,2234213,2235026,717,0.0010
JBQVBD010000008.1,1937134,1937770,716,0.0010
JBQVBD010000017.1,4229005,4229349,715,0.0010
JBQVBD010000015.1,2280277,2280510,715,0.0010
JBQVBD010000010.1,2277192,2277812,715,0.0010
JBQVBD010000016.1,5121174,5122186,713,0.0010
JBQVBD010000016.1,3259997,3260137,713,0.0010
JBQVBD010000017.1,3104885,3105362,710,0.0010
JBQVBD010000017.1,4483473,4483955,709,0.0010
JBQVBD010000008.1,378300,379972,708,0.0010
JBQVBD010000015.1,2179289,2180226,707,0.0010
JBQVBD010000003.1,426122,427006,706,0.0010
JBQVBD010000016.1,1144891,1146084,705,0.0010
JBQVBD010000011.1,1422966,1424200,705,0.0010
JBQVBD010000005.1,517481,517931,705,0.0010
JBQVBD010000017.1,2005041,2005513,704,0.0010
JBQVBD010000015.1,3722691,3723075,703,0.0010
JBQVBD010000016.1,2293142,2293703,702,0.0010
JBQVBD010000014.1,747196,747676,702,0.0010
JBQVBD010000011.1,2551004,2551499,702,0.0010
JBQVBD010000010.1,1741128,1741425,701,0.0010
JBQVBD010000013.1,1095211,1096140,700,0.0010
JBQVBD010000017.1,1883661,1884023,699,0.0010
JBQVBD010000015.1,2629380,2631316,699,0.0010
JBQVBD010000015.1,2156795,2157068,699,0.0010
JBQVBD010000007.1,714458,714977,698,0.0010
JBQVBD010000015.1,1292586,1293557,696,0.0010
JBQVBD010000016.1,2578130,2578295,695,0.0010
JBQVBD010000011.1,1777494,1777734,694,0.0010
JBQVBD010000017.1,3024592,3025434,693,0.0010
JBQVBD010000016.1,1330713,1331144,691,0.0009
JBQVBD010000014.1,1619891,1620241,691,0.0009
JBQVBD010000010.1,1945141,1945479,691,0.0009
JBQVBD010000011.1,848618,848890,689,0.0009
JBQVBD010000011.1,1613347,1613533,687,0.0009
JBQVBD010000014.1,2044151,2044542,685,0.0009
JBQVBD010000012.1,2590144,2591367,685,0.0009
JBQVBD010000010.1,233615,233869,685,0.0009
JBQVBD010000016.1,2938046,2938199,684,0.0009
JBQVBD010000016.1,4089775,4090159,683,0.0009
JBQVBD010000013.1,1545330,1545566,683,0.0009
JBQVBD010000017.1,4143638,4144170,681,0.0009
JBQVBD010000012.1,429216,429397,681,0.0009
JBQVBD010000015.1,1493951,1494369,679,0.0009
JBQVBD010000008.1,748029,750828,678,0.0009
JBQVBD010000011.1,1040766,1041422,677,0.0009
JBQVBD010000011.1,1027065,1028585,677,0.0009
JBQVBD010000006.1,1246897,1247322,677,0.0009
JBQVBD010000015.1,931364,931906,675,0.0009
JBQVBD010000017.1,1635197,1635401,674,0.0009
JBQVBD010000012.1,1142419,1143395,673,0.0009
JBQVBD010000010.1,1968854,1969172,673,0.0009
JBQVBD010000016.1,3824995,3825525,671,0.0009
JBQVBD010000016.1,2940000,2940509,671,0.0009
JBQVBD010000015.1,2543246,2543571,671,0.0009
JBQVBD010000010.1,1316046,1317197,671,0.0009
JBQVBD010000012.1,954459,955168,669,0.0009
JBQVBD010000004.1,876613,884037,668,0.0009
JBQVBD010000016.1,3881936,3882236,667,0.0009
JBQVBD010000013.1,2813840,2815482,667,0.0009
JBQVBD010000007.1,280915,282994,666,0.0009
JBQVBD010000003.1,422703,424117,666,0.0009
JBQVBD010000010.1,2091182,2091885,665,0.0009
JBQVBD010000017.1,4832312,4832636,664,0.0009
JBQVBD010000016.1,4144814,4145394,663,0.0009
JBQVBD010000015.1,670753,671766,662,0.0009
JBQVBD010000013.1,2054083,2054644,661,0.0009
JBQVBD010000010.1,1100609,1101344,660,0.0009
JBQVBD010000017.1,3925513,3926409,659,0.0009
JBQVBD010000016.1,3769065,3769201,658,0.0009
JBQVBD010000013.1,1627141,1627437,658,0.0009
JBQVBD010000017.1,2092126,2092639,657,0.0009
JBQVBD010000015.1,2348753,2348979,657,0.0009
JBQVBD010000014.1,2093019,2093171,657,0.0009
JBQVBD010000012.1,542292,542893,657,0.0009
JBQVBD010000014.1,2372442,2374239,656,0.0009
JBQVBD010000012.1,2615933,2617161,653,0.0009
JBQVBD010000004.1,588113,589387,653,0.0009
JBQVBD010000013.1,2604537,2605141,652,0.0009
JBQVBD010000017.1,4716862,4717405,651,0.0009
JBQVBD010000010.1,461638,462433,651,0.0009
JBQVBD010000015.1,1054135,1054554,650,0.0009
JBQVBD010000016.1,1323685,1323961,647,0.0009
JBQVBD010000009.1,1202037,1202517,647,0.0009
JBQVBD010000008.1,502131,502327,647,0.0009
JBQVBD010000015.1,3661649,3662226,646,0.0009
JBQVBD010000016.1,4231524,4231982,645,0.0009
JBQVBD010000010.1,2047878,2048437,645,0.0009
JBQVBD010000016.1,51172,52449,644,0.0009
JBQVBD010000008.1,1841228,1841538,644,0.0009
JBQVBD010000016.1,4185129,4185755,643,0.0009
JBQVBD010000011.1,404115,404667,643,0.0009
JBQVBD010000015.1,681403,682197,642,0.0009
JBQVBD010000012.1,2923053,2924276,642,0.0009
JBQVBD010000010.1,1765253,1765529,642,0.0009
JBQVBD010000013.1,2297069,2297418,640,0.0009
JBQVBD010000011.1,1168356,1168975,640,0.0009
JBQVBD010000009.1,2294608,2294779,640,0.0009
JBQVBD010000009.1,1785325,1785614,640,0.0009
JBQVBD010000005.1,936269,936482,639,0.0009
JBQVBD010000002.1,72684,73041,639,0.0009
JBQVBD010000016.1,1531833,1533511,638,0.0009
JBQVBD010000015.1,3443822,3444637,638,0.0009
JBQVBD010000016.1,2156991,2157423,634,0.0009
JBQVBD010000016.1,1833784,1833972,634,0.0009
JBQVBD010000014.1,2435914,2436316,633,0.0009
JBQVBD010000016.1,2817107,2817224,632,0.0009
JBQVBD010000011.1,2497746,2498069,631,0.0009
JBQVBD010000010.1,1078389,1079098,631,0.0009
JBQVBD010000017.1,182924,183694,630,0.0009
JBQVBD010000015.1,2607045,2607799,630,0.0009
JBQVBD010000014.1,1191895,1192194,630,0.0009
JBQVBD010000014.1,2036257,2036943,629,0.0009
JBQVBD010000012.1,646435,646777,626,0.0009
JBQVBD010000011.1,1706107,1706542,623,0.0009
JBQVBD010000004.1,531377,532123,623,0.0009
JBQVBD010000017.1,4384510,4384840,621,0.0009
JBQVBD010000016.1,2031779,2032840,621,0.0009
JBQVBD010000010.1,2682800,2683431,621,0.0009
JBQVBD010000012.1,557363,557973,620,0.0009
JBQVBD010000009.1,1996345,1996734,620,0.0009
JBQVBD010000004.1,636494,638589,620,0.0009
JBQVBD010000007.1,62230,67465,619,0.0008
JBQVBD010000016.1,1650575,1650961,618,0.0008
JBQVBD010000015.1,13249,13966,618,0.0008
JBQVBD010000012.1,3072412,3074757,617,0.0008
JBQVBD010000010.1,615077,615607,616,0.0008
JBQVBD010000003.1,662156,663602,616,0.0008
JBQVBD010000017.1,4111224,4112481,612,0.0008
JBQVBD010000011.1,1759612,1760284,611,0.0008
JBQVBD010000009.1,1696919,1697134,611,0.0008
JBQVBD010000016.1,1035894,1036457,609,0.0008
JBQVBD010000011.1,2524882,2525352,609,0.0008
JBQVBD010000016.1,1887542,1887884,608,0.0008
JBQVBD010000010.1,2215593,2216116,608,0.0008
JBQVBD010000007.1,883212,883302,605,0.0008
JBQVBD010000015.1,2286583,2286826,603,0.0008
JBQVBD010000010.1,2004360,2005617,603,0.0008
JBQVBD010000017.1,4104512,4106071,601,0.0008
JBQVBD010000012.1,947039,947922,601,0.0008
JBQVBD010000007.1,425475,426760,601,0.0008
JBQVBD010000017.1,3629432,3629591,600,0.0008
JBQVBD010000016.1,3889110,3889517,600,0.0008
JBQVBD010000014.1,2327885,2328465,599,0.0008
JBQVBD010000017.1,1769216,1769595,597,0.0008
JBQVBD010000012.1,925050,925862,597,0.0008
JBQVBD010000016.1,52753,53087,596,0.0008
JBQVBD010000006.1,1230026,1230493,596,0.0008
JBQVBD010000017.1,2112141,2112811,595,0.0008
JBQVBD010000016.1,3069311,3069885,594,0.0008
JBQVBD010000013.1,1458694,1459260,594,0.0008
JBQVBD010000011.1,805943,806342,593,0.0008
JBQVBD010000009.1,695092,696144,593,0.0008
JBQVBD010000017.1,2565540,2565674,592,0.0008
JBQVBD010000015.1,2230074,2230252,592,0.0008
JBQVBD010000012.1,792218,792902,592,0.0008
JBQVBD010000012.1,2493232,2496857,592,0.0008
JBQVBD010000008.1,942394,943282,592,0.0008
JBQVBD010000017.1,4058453,4058848,591,0.0008
JBQVBD010000014.1,570055,571215,591,0.0008
JBQVBD010000008.1,1533221,1533780,591,0.0008
JBQVBD010000010.1,2851335,2853137,590,0.0008
JBQVBD010000015.1,909748,912565,588,0.0008
JBQVBD010000016.1,2149347,2149672,587,0.0008
JBQVBD010000015.1,951046,951531,587,0.0008
JBQVBD010000014.1,599228,599750,587,0.0008
JBQVBD010000017.1,770852,771163,586,0.0008
JBQVBD010000016.1,4467260,4467552,585,0.0008
JBQVBD010000015.1,1540085,1540236,584,0.0008
JBQVBD010000010.1,626921,627257,584,0.0008
JBQVBD010000011.1,1134404,1134882,583,0.0008
JBQVBD010000009.1,2021446,2021770,583,0.0008
JBQVBD010000017.1,4730040,4730882,582,0.0008
JBQVBD010000017.1,2351559,2352497,582,0.0008
JBQVBD010000012.1,252211,252700,581,0.0008
JBQVBD010000008.1,1773243,1773816,581,0.0008
JBQVBD010000016.1,3434356,3434571,580,0.0008
JBQVBD010000014.1,175804,176278,580,0.0008
JBQVBD010000017.1,2713114,2713266,579,0.0008
JBQVBD010000010.1,1887790,1888255,579,0.0008
JBQVBD010000009.1,1144663,1144961,579,0.0008
JBQVBD010000006.1,1120345,1121247,579,0.0008
JBQVBD010000015.1,2307242,2307775,578,0.0008
JBQVBD010000012.1,1508686,1508889,578,0.0008
JBQVBD010000017.1,3431668,3431887,576,0.0008
JBQVBD010000016.1,4545115,4545992,575,0.0008
JBQVBD010000013.1,1806667,1807084,575,0.0008
JBQVBD010000008.1,808684,809278,575,0.0008
JBQVBD010000008.1,326800,327009,575,0.0008
JBQVBD010000004.1,605378,606472,572,0.0008
JBQVBD010000010.1,1059887,1060702,571,0.0008
JBQVBD010000011.1,1288562,1289367,570,0.0008
JBQVBD010000017.1,1289242,1289780,569,0.0008
JBQVBD010000014.1,2172898,2173114,569,0.0008
JBQVBD010000017.1,2159765,2160141,568,0.0008
JBQVBD010000015.1,2130727,2130857,568,0.0008
JBQVBD010000011.1,752185,754574,568,0.0008
JBQVBD010000010.1,1682520,1682710,568,0.0008
JBQVBD010000016.1,1170346,1170531,567,0.0008
JBQVBD010000010.1,2379370,2379572,567,0.0008
JBQVBD010000007.1,451929,452557,567,0.0008
JBQVBD010000003.1,407725,408200,567,0.0008
JBQVBD010000002.1,107999,108327,567,0.0008
JBQVBD010000011.1,263338,263625,566,0.0008
JBQVBD010000017.1,1088477,1088624,565,0.0008
JBQVBD010000010.1,2701805,2702282,565,0.0008
JBQVBD010000015.1,1676028,1677314,564,0.0008
JBQVBD010000011.1,67908,69237,564,0.0008
JBQVBD010000008.1,793944,794374,564,0.0008
JBQVBD010000017.1,931131,931279,563,0.0008
JBQVBD010000016.1,3959542,3960160,563,0.0008
JBQVBD010000013.1,581066,581357,563,0.0008
JBQVBD010000012.1,3174849,3176006,563,0.0008
JBQVBD010000016.1,3110409,3110696,562,0.0008
JBQVBD010000016.1,2144915,2146697,562,0.0008
JBQVBD010000013.1,1510943,1511350,562,0.0008
JBQVBD010000010.1,4068,4832,562,0.0008
JBQVBD010000017.1,3267691,3269417,561,0.0008
JBQVBD010000015.1,1344484,1344664,561,0.0008
JBQVBD010000010.1,1577339,1577889,561,0.0008
JBQVBD010000014.1,1263622,1263817,559,0.0008
JBQVBD010000016.1,2751634,2751974,558,0.0008
JBQVBD010000016.1,2408810,2409097,558,0.0008
JBQVBD010000015.1,916756,918005,558,0.0008
JBQVBD010000003.1,755349,756386,558,0.0008
JBQVBD010000014.1,1154807,1154988,557,0.0008
JBQVBD010000016.1,4658699,4659129,556,0.0008
JBQVBD010000013.1,1568984,1570020,556,0.0008
JBQVBD010000008.1,712400,712606,555,0.0008
JBQVBD010000015.1,2441842,2442114,554,0.0008
JBQVBD010000011.1,2197424,2198204,554,0.0008
JBQVBD010000012.1,1917661,1919394,552,0.0008
JBQVBD010000013.1,2672637,2674240,551,0.0008
JBQVBD010000016.1,4670542,4671547,550,0.0008
JBQVBD010000016.1,4451682,4452106,550,0.0008
JBQVBD010000008.1,1448992,1449230,550,0.0008
JBQVBD010000010.1,2191197,2191395,549,0.0008
JBQVBD010000005.1,491514,491819,549,0.0008
JBQVBD010000017.1,3028686,3029246,548,0.0008
JBQVBD010000009.1,1656040,1656446,546,0.0007
JBQVBD010000009.1,1355553,1356110,546,0.0007
JBQVBD010000011.1,1238901,1239461,545,0.0007
JBQVBD010000008.1,774222,774680,544,0.0007
JBQVBD010000008.1,1213627,1213993,544,0.0007
JBQVBD010000015.1,1687558,1688261,543,0.0007
JBQVBD010000015.1,1695116,1697611,542,0.0007
JBQVBD010000011.1,2030307,2033499,542,0.0007
JBQVBD010000010.1,2633204,2633447,542,0.0007
JBQVBD010000004.1,274154,274697,542,0.0007
JBQVBD010000011.1,1701302,1701546,541,0.0007
JBQVBD010000017.1,4299547,4300201,540,0.0007
JBQVBD010000008.1,983852,984325,540,0.0007
JBQVBD010000005.1,347083,347350,540,0.0007
JBQVBD010000015.1,1653882,1654242,539,0.0007
JBQVBD010000013.1,400052,401264,539,0.0007
JBQVBD010000006.1,385776,386675,538,0.0007
JBQVBD010000017.1,267563,268588,537,0.0007
JBQVBD010000017.1,2347485,2348100,537,0.0007
JBQVBD010000008.1,1122309,1123438,537,0.0007
JBQVBD010000003.1,58796,59281,537,0.0007
JBQVBD010000016.1,3530053,3530272,536,0.0007
JBQVBD010000015.1,2731514,2731827,536,0.0007
JBQVBD010000005.1,956363,956754,535,0.0007
JBQVBD010000015.1,3743385,3744117,534,0.0007
JBQVBD010000015.1,3034291,3035475,534,0.0007
JBQVBD010000008.1,78909,79880,534,0.0007
JBQVBD010000005.1,616159,617220,534,0.0007
JBQVBD010000017.1,2961337,2961494,533,0.0007
JBQVBD010000007.1,407412,407814,533,0.0007
JBQVBD010000016.1,3182070,3182438,532,0.0007
JBQVBD010000016.1,1836947,1837227,532,0.0007
JBQVBD010000017.1,1989850,1991321,531,0.0007
JBQVBD010000016.1,1769049,1769211,529,0.0007
JBQVBD010000010.1,788516,788900,529,0.0007
JBQVBD010000010.1,553840,555572,528,0.0007
JBQVBD010000004.1,929475,930498,527,0.0007
JBQVBD010000011.1,904249,905077,526,0.0007
JBQVBD010000015.1,1188982,1189206,524,0.0007
JBQVBD010000010.1,1607495,1607662,524,0.0007
JBQVBD010000015.1,3839856,3840875,523,0.0007
JBQVBD010000012.1,1298045,1299338,523,0.0007
JBQVBD010000011.1,1033478,1034003,523,0.0007
JBQVBD010000015.1,1955540,1955926,522,0.0007
JBQVBD010000014.1,2197028,2197374,522,0.0007
JBQVBD010000014.1,1014253,1014571,522,0.0007
JBQVBD010000009.1,1027986,1028553,522,0.0007
JBQVBD010000017.1,4314405,4314970,521,0.0007
JBQVBD010000015.1,2935496,2935872,521,0.0007
JBQVBD010000014.1,955658,955896,521,0.0007
JBQVBD010000009.1,1903246,1904522,521,0.0007
JBQVBD010000007.1,411525,413851,521,0.0007
JBQVBD010000017.1,2175659,2176084,520,0.0007
JBQVBD010000011.1,1566877,1567179,520,0.0007
JBQVBD010000010.1,2180339,2180614,520,0.0007
JBQVBD010000017.1,809488,809791,519,0.0007
JBQVBD010000013.1,1869007,1870612,519,0.0007
JBQVBD010000006.1,1315445,1315670,519,0.0007
JBQVBD010000017.1,4397817,4398427,517,0.0007
JBQVBD010000016.1,5030825,5031428,517,0.0007
JBQVBD010000011.1,288216,288383,516,0.0007
JBQVBD010000004.1,532638,533135,516,0.0007
JBQVBD010000016.1,3627499,3627624,514,0.0007
JBQVBD010000017.1,3254010,3255493,512,0.0007
JBQVBD010000015.1,2775955,2776830,512,0.0007
JBQVBD010000011.1,2543921,2545022,511,0.0007
JBQVBD010000008.1,242064,242286,511,0.0007
JBQVBD010000016.1,2340394,2340676,510,0.0007
JBQVBD010000005.1,298015,298559,509,0.0007
JBQVBD010000017.1,387325,387570,508,0.0007
JBQVBD010000011.1,1336212,1336641,508,0.0007
JBQVBD010000008.1,437428,439333,508,0.0007
JBQVBD010000015.1,2399849,2400049,507,0.0007
JBQVBD010000006.1,371761,372374,506,0.0007
JBQVBD010000005.1,505120,505715,506,0.0007
JBQVBD010000011.1,1830235,1833125,505,0.0007
JBQVBD010000016.1,2050489,2050737,504,0.0007
JBQVBD010000014.1,1085945,1086094,504,0.0007
JBQVBD010000012.1,1818644,1819976,504,0.0007
JBQVBD010000016.1,3915760,3917573,503,0.0007
JBQVBD010000012.1,1308655,1308797,503,0.0007
JBQVBD010000005.1,622650,623635,503,0.0007
JBQVBD010000002.1,164280,165048,503,0.0007
JBQVBD010000016.1,2229214,2230476,502,0.0007
JBQVBD010000013.1,1251096,1252607,500,0.0007
