"module","gene","module_membership"
"violet","AAD021_000688",0.93
"violet","AAD021_003869",0.899
"violet","AAD021_006726",0.889
"violet","AAD021_008410",0.885
"violet","AAD021_012479",0.882
"violet","AAD021_003581",0.85
"violet","AAD021_012641",0.849
"violet","AAD021_005882",0.843
"violet","AAD021_012151",0.835
"violet","AAD021_007807",0.833
"violet","AAD021_002680",0.824
"violet","AAD021_008130",0.822
"violet","AAD021_000639",0.821
"violet","AAD021_009215",0.811
"violet","AAD021_008531",0.807
"violet","AAD021_001074",0.806
"violet","AAD021_008180",0.802
"violet","AAD021_003862",0.77
"violet","AAD021_001289",0.754
"violet","AAD021_007866",0.75
"purple","AAD021_011664",0.94
"purple","AAD021_003794",0.932
"purple","AAD021_000635",0.93
"purple","AAD021_009117",0.919
"purple","AAD021_003938",0.908
"purple","AAD021_007883",0.899
"purple","AAD021_006148",0.88
"purple","AAD021_009908",0.876
"purple","AAD021_010248",0.872
"purple","AAD021_002831",0.869
"purple","AAD021_008046",0.867
"purple","AAD021_007074",0.864
"purple","AAD021_010229",0.862
"purple","AAD021_006439",0.861
"purple","AAD021_008993",0.86
"purple","AAD021_002757",0.857
"purple","AAD021_006105",0.857
"purple","AAD021_008327",0.857
"purple","AAD021_004103",0.855
"purple","AAD021_001648",0.854
"turquoise","AAD021_006900",0.975
"turquoise","AAD021_002530",0.951
"turquoise","AAD021_004913",0.944
"turquoise","AAD021_003431",0.934
"turquoise","AAD021_007751",0.933
"turquoise","AAD021_008114",0.933
"turquoise","AAD021_008855",0.929
"turquoise","AAD021_001664",0.927
"turquoise","AAD021_005808",0.924
"turquoise","AAD021_008079",0.917
"turquoise","AAD021_000430",0.917
"turquoise","AAD021_002902",0.914
"turquoise","AAD021_007151",0.91
"turquoise","AAD021_010408",0.909
"turquoise","AAD021_004238",0.909
"turquoise","AAD021_005100",0.908
"turquoise","AAD021_000152",0.908
"turquoise","AAD021_006271",0.908
"turquoise","AAD021_003175",0.906
"turquoise","AAD021_004151",0.905
"saddlebrown","AAD021_002814",0.92
"saddlebrown","AAD021_009285",0.919
"saddlebrown","AAD021_003671",0.9
"saddlebrown","AAD021_007178",0.884
"saddlebrown","AAD021_000583",0.881
"saddlebrown","AAD021_006988",0.867
"saddlebrown","AAD021_008284",0.86
"saddlebrown","AAD021_012545",0.858
"saddlebrown","AAD021_010525",0.856
"saddlebrown","AAD021_011030",0.837
"saddlebrown","AAD021_006517",0.835
"saddlebrown","AAD021_002840",0.829
"saddlebrown","AAD021_005830",0.827
"saddlebrown","AAD021_003424",0.824
"saddlebrown","AAD021_009050",0.819
"saddlebrown","AAD021_003007",0.813
"saddlebrown","AAD021_001457",0.811
"saddlebrown","AAD021_002753",0.792
"saddlebrown","AAD021_011248",0.788
"saddlebrown","AAD021_002778",0.786
"tan","AAD021_005044",0.927
"tan","AAD021_007414",0.919
"tan","AAD021_008188",0.91
"tan","AAD021_006526",0.909
"tan","AAD021_008105",0.908
"tan","AAD021_001595",0.906
"tan","AAD021_012020",0.9
"tan","AAD021_012016",0.889
"tan","AAD021_007923",0.885
"tan","AAD021_008361",0.882
"tan","AAD021_002848",0.879
"tan","AAD021_004314",0.879
"tan","AAD021_008530",0.878
"tan","AAD021_001754",0.878
"tan","AAD021_006285",0.877
"tan","AAD021_011265",0.877
"tan","AAD021_004906",0.853
"tan","AAD021_007299",0.85
"tan","AAD021_011716",0.849
"tan","AAD021_002729",0.848
"pink","AAD021_008350",0.946
"pink","AAD021_002444",0.92
"pink","AAD021_010377",0.915
"pink","AAD021_001160",0.911
"pink","AAD021_004060",0.905
"pink","AAD021_001294",0.902
"pink","AAD021_007794",0.889
"pink","AAD021_000248",0.885
"pink","AAD021_004288",0.884
"pink","AAD021_007812",0.882
"pink","AAD021_009127",0.88
"pink","AAD021_006742",0.872
"pink","AAD021_009150",0.872
"pink","AAD021_000445",0.871
"pink","AAD021_007901",0.864
"pink","AAD021_002275",0.86
"pink","AAD021_002939",0.86
"pink","AAD021_005249",0.86
"pink","AAD021_010652",0.86
"pink","AAD021_009976",0.855
"darkolivegreen","AAD021_001516",0.952
"darkolivegreen","AAD021_000564",0.933
"darkolivegreen","AAD021_002075",0.924
"darkolivegreen","AAD021_006722",0.907
"darkolivegreen","AAD021_008408",0.905
"darkolivegreen","AAD021_012213",0.901
"darkolivegreen","AAD021_007166",0.892
"darkolivegreen","AAD021_007892",0.873
"darkolivegreen","AAD021_004154",0.869
"darkolivegreen","AAD021_001218",0.844
"darkolivegreen","AAD021_001530",0.84
"darkolivegreen","AAD021_002759",0.839
"darkolivegreen","AAD021_000479",0.837
"darkolivegreen","AAD021_003115",0.837
"darkolivegreen","AAD021_006120",0.827
"darkolivegreen","AAD021_001052",0.826
"darkolivegreen","AAD021_007270",0.826
"darkolivegreen","AAD021_002528",0.823
"darkolivegreen","AAD021_001399",0.822
"darkolivegreen","AAD021_012507",0.812
"midnightblue","AAD021_002703",0.974
"midnightblue","AAD021_006949",0.958
"midnightblue","AAD021_008506",0.957
"midnightblue","AAD021_008473",0.951
"midnightblue","AAD021_004640",0.949
"midnightblue","AAD021_008313",0.944
"midnightblue","AAD021_003675",0.942
"midnightblue","AAD021_007820",0.94
"midnightblue","AAD021_005205",0.932
"midnightblue","AAD021_006170",0.927
"midnightblue","AAD021_000702",0.925
"midnightblue","AAD021_000518",0.922
"midnightblue","AAD021_012270",0.918
"midnightblue","AAD021_002819",0.917
"midnightblue","AAD021_005757",0.908
"midnightblue","AAD021_009079",0.907
"midnightblue","AAD021_002681",0.906
"midnightblue","AAD021_002106",0.906
"midnightblue","AAD021_000693",0.904
"midnightblue","AAD021_006754",0.903
"darkmagenta","AAD021_005139",0.955
"darkmagenta","AAD021_008784",0.933
"darkmagenta","AAD021_005137",0.926
"darkmagenta","AAD021_010307",0.918
"darkmagenta","AAD021_006487",0.897
"darkmagenta","AAD021_010702",0.895
"darkmagenta","AAD021_005322",0.879
"darkmagenta","AAD021_005127",0.878
"darkmagenta","AAD021_010288",0.873
"darkmagenta","AAD021_007785",0.873
"darkmagenta","AAD021_001626",0.873
"darkmagenta","AAD021_008077",0.828
"darkmagenta","AAD021_009355",0.805
"darkmagenta","AAD021_001493",0.805
"darkmagenta","AAD021_012373",0.797
"darkmagenta","AAD021_010911",0.791
"darkmagenta","AAD021_008776",0.781
"darkmagenta","AAD021_001047",0.777
"darkmagenta","AAD021_009968",0.768
"darkmagenta","AAD021_002015",0.767
"darkred","AAD021_000939",0.95
"darkred","AAD021_008773",0.907
"darkred","AAD021_009890",0.906
"darkred","AAD021_001076",0.895
"darkred","AAD021_002494",0.89
"darkred","AAD021_003192",0.889
"darkred","AAD021_009136",0.889
"darkred","AAD021_007800",0.886
"darkred","AAD021_000920",0.875
"darkred","AAD021_000960",0.868
"darkred","AAD021_007323",0.862
"darkred","AAD021_007018",0.861
"darkred","AAD021_002400",0.856
"darkred","AAD021_007312",0.856
"darkred","AAD021_006245",0.844
"darkred","AAD021_002527",0.827
"darkred","AAD021_012376",0.825
"darkred","AAD021_000882",0.82
"darkred","AAD021_008262",0.811
"darkred","AAD021_005018",0.809
"lightcyan","AAD021_002426",0.929
"lightcyan","AAD021_009167",0.911
"lightcyan","AAD021_011098",0.897
"lightcyan","AAD021_011262",0.891
"lightcyan","AAD021_002509",0.888
"lightcyan","AAD021_008879",0.888
"lightcyan","AAD021_001310",0.882
"lightcyan","AAD021_007257",0.878
"lightcyan","AAD021_003279",0.877
"lightcyan","AAD021_010273",0.873
"lightcyan","AAD021_001149",0.865
"lightcyan","AAD021_003600",0.865
"lightcyan","AAD021_009457",0.864
"lightcyan","AAD021_008481",0.853
"lightcyan","AAD021_010422",0.841
"lightcyan","AAD021_012172",0.838
"lightcyan","AAD021_006503",0.836
"lightcyan","AAD021_011678",0.833
"lightcyan","AAD021_009277",0.831
"lightcyan","AAD021_005179",0.828
"greenyellow","AAD021_001188",0.946
"greenyellow","AAD021_005344",0.931
"greenyellow","AAD021_001379",0.93
"greenyellow","AAD021_010634",0.901
"greenyellow","AAD021_006180",0.896
"greenyellow","AAD021_009935",0.887
"greenyellow","AAD021_004937",0.887
"greenyellow","AAD021_004073",0.882
"greenyellow","AAD021_002480",0.881
"greenyellow","AAD021_007075",0.88
"greenyellow","AAD021_005272",0.874
"greenyellow","AAD021_011863",0.87
"greenyellow","AAD021_009283",0.869
"greenyellow","AAD021_001287",0.869
"greenyellow","AAD021_006923",0.866
"greenyellow","AAD021_004500",0.863
"greenyellow","AAD021_001038",0.861
"greenyellow","AAD021_010442",0.861
"greenyellow","AAD021_008243",0.854
"greenyellow","AAD021_004404",0.853
"red","AAD021_008155",0.95
"red","AAD021_008827",0.938
"red","AAD021_008189",0.934
"red","AAD021_007403",0.921
"red","AAD021_003907",0.92
"red","AAD021_001401",0.906
"red","AAD021_001868",0.905
"red","AAD021_006481",0.902
"red","AAD021_011032",0.892
"red","AAD021_008707",0.882
"red","AAD021_001217",0.881
"red","AAD021_002050",0.875
"red","AAD021_006785",0.871
"red","AAD021_003942",0.87
"red","AAD021_009543",0.865
"red","AAD021_003351",0.865
"red","AAD021_010744",0.862
"red","AAD021_001328",0.862
"red","AAD021_002864",0.857
"red","AAD021_000608",0.855
"brown","AAD021_007067",0.981
"brown","AAD021_000245",0.975
"brown","AAD021_010944",0.968
"brown","AAD021_002063",0.967
"brown","AAD021_010531",0.963
"brown","AAD021_001915",0.962
"brown","AAD021_005235",0.955
"brown","AAD021_002255",0.955
"brown","AAD021_003372",0.951
"brown","AAD021_001484",0.949
"brown","AAD021_006840",0.948
"brown","AAD021_009390",0.948
"brown","AAD021_006091",0.947
"brown","AAD021_003435",0.945
"brown","AAD021_006281",0.944
"brown","AAD021_000251",0.941
"brown","AAD021_002601",0.941
"brown","AAD021_001408",0.931
"brown","AAD021_008392",0.931
"brown","AAD021_004871",0.926
"salmon","AAD021_009587",0.954
"salmon","AAD021_006465",0.922
"salmon","AAD021_000796",0.9
"salmon","AAD021_000572",0.896
"salmon","AAD021_010112",0.888
"salmon","AAD021_007424",0.882
"salmon","AAD021_000353",0.877
"salmon","AAD021_009201",0.868
"salmon","AAD021_000489",0.851
"salmon","AAD021_008733",0.851
"salmon","AAD021_000740",0.843
"salmon","AAD021_008181",0.842
"salmon","AAD021_009639",0.838
"salmon","AAD021_004144",0.831
"salmon","AAD021_009125",0.831
"salmon","AAD021_003253",0.827
"salmon","AAD021_006275",0.821
"salmon","AAD021_009319",0.821
"salmon","AAD021_007071",0.82
"salmon","AAD021_005335",0.814
"blue","AAD021_009448",0.961
"blue","AAD021_007869",0.957
"blue","AAD021_008081",0.942
"blue","AAD021_008066",0.94
"blue","AAD021_000588",0.939
"blue","AAD021_005769",0.939
"blue","AAD021_003232",0.934
"blue","AAD021_010942",0.928
"blue","AAD021_010429",0.927
"blue","AAD021_006448",0.927
"blue","AAD021_007558",0.921
"blue","AAD021_003391",0.917
"blue","AAD021_011647",0.914
"blue","AAD021_000743",0.908
"blue","AAD021_007089",0.903
"blue","AAD021_002188",0.901
"blue","AAD021_003274",0.901
"blue","AAD021_004387",0.9
"blue","AAD021_008756",0.899
"blue","AAD021_004052",0.897
"magenta","AAD021_008941",0.968
"magenta","AAD021_001020",0.964
"magenta","AAD021_001511",0.964
"magenta","AAD021_003054",0.962
"magenta","AAD021_002658",0.953
"magenta","AAD021_000752",0.948
"magenta","AAD021_004235",0.942
"magenta","AAD021_010471",0.94
"magenta","AAD021_006188",0.939
"magenta","AAD021_001364",0.931
"magenta","AAD021_007905",0.916
"magenta","AAD021_008386",0.911
"magenta","AAD021_009978",0.91
"magenta","AAD021_012244",0.91
"magenta","AAD021_008808",0.909
"magenta","AAD021_002656",0.907
"magenta","AAD021_004421",0.906
"magenta","AAD021_008409",0.905
"magenta","AAD021_008377",0.904
"magenta","AAD021_008583",0.903
"black","AAD021_000469",0.952
"black","AAD021_003871",0.944
"black","AAD021_002483",0.937
"black","AAD021_003940",0.936
"black","AAD021_003022",0.929
"black","AAD021_001333",0.929
"black","AAD021_008003",0.92
"black","AAD021_003878",0.912
"black","AAD021_005334",0.907
"black","AAD021_007995",0.905
"black","AAD021_010208",0.903
"black","AAD021_003737",0.897
"black","AAD021_008031",0.897
"black","AAD021_001075",0.897
"black","AAD021_000999",0.896
"black","AAD021_003454",0.896
"black","AAD021_005820",0.893
"black","AAD021_009416",0.892
"black","AAD021_004224",0.892
"black","AAD021_002874",0.89
"paleturquoise","AAD021_006227",0.955
"paleturquoise","AAD021_000365",0.937
"paleturquoise","AAD021_011659",0.931
"paleturquoise","AAD021_004425",0.924
"paleturquoise","AAD021_012297",0.921
"paleturquoise","AAD021_002361",0.919
"paleturquoise","AAD021_000305",0.917
"paleturquoise","AAD021_007860",0.911
"paleturquoise","AAD021_002518",0.909
"paleturquoise","AAD021_006117",0.905
"paleturquoise","AAD021_002962",0.901
"paleturquoise","AAD021_004077",0.899
"paleturquoise","AAD021_003708",0.895
"paleturquoise","AAD021_004261",0.893
"paleturquoise","AAD021_012443",0.888
"paleturquoise","AAD021_011995",0.875
"paleturquoise","AAD021_000544",0.87
"paleturquoise","AAD021_000093",0.869
"paleturquoise","AAD021_000406",0.854
"paleturquoise","AAD021_004292",0.85
"yellow","AAD021_002674",0.965
"yellow","AAD021_002598",0.965
"yellow","AAD021_004044",0.962
"yellow","AAD021_005088",0.959
"yellow","AAD021_003331",0.957
"yellow","AAD021_006032",0.953
"yellow","AAD021_006263",0.95
"yellow","AAD021_002621",0.941
"yellow","AAD021_000986",0.928
"yellow","AAD021_003700",0.925
"yellow","AAD021_000591",0.922
"yellow","AAD021_009735",0.922
"yellow","AAD021_011669",0.921
"yellow","AAD021_006456",0.918
"yellow","AAD021_004879",0.915
"yellow","AAD021_007621",0.915
"yellow","AAD021_002721",0.914
"yellow","AAD021_003642",0.912
"yellow","AAD021_001792",0.911
"yellow","AAD021_001311",0.91
"lightgreen","AAD021_011178",0.972
"lightgreen","AAD021_006175",0.963
"lightgreen","AAD021_002741",0.925
"lightgreen","AAD021_004652",0.923
"lightgreen","AAD021_004601",0.921
"lightgreen","AAD021_007315",0.919
"lightgreen","AAD021_003292",0.9
"lightgreen","AAD021_002066",0.894
"lightgreen","AAD021_007930",0.885
"lightgreen","AAD021_003092",0.882
"lightgreen","AAD021_008360",0.88
"lightgreen","AAD021_001239",0.873
"lightgreen","AAD021_002549",0.873
"lightgreen","AAD021_001064",0.866
"lightgreen","AAD021_009156",0.862
"lightgreen","AAD021_007855",0.861
"lightgreen","AAD021_002010",0.859
"lightgreen","AAD021_008242",0.853
"lightgreen","AAD021_007755",0.853
"lightgreen","AAD021_009539",0.849
"mediumpurple3","AAD021_006304",0.905
"mediumpurple3","AAD021_004502",0.894
"mediumpurple3","AAD021_000889",0.889
"mediumpurple3","AAD021_011725",0.879
"mediumpurple3","AAD021_007354",0.861
"mediumpurple3","AAD021_006820",0.849
"mediumpurple3","AAD021_008438",0.848
"mediumpurple3","AAD021_012486",0.845
"mediumpurple3","AAD021_004041",0.84
"mediumpurple3","AAD021_011913",0.837
"mediumpurple3","AAD021_010960",0.837
"mediumpurple3","AAD021_003783",0.836
"mediumpurple3","AAD021_006470",0.83
"mediumpurple3","AAD021_008605",0.821
"mediumpurple3","AAD021_009326",0.808
"mediumpurple3","AAD021_007245",0.786
"mediumpurple3","AAD021_001113",0.778
"mediumpurple3","AAD021_010351",0.775
"mediumpurple3","AAD021_005160",0.763
"mediumpurple3","AAD021_001420",0.759
"darkgreen","AAD021_005159",0.97
"darkgreen","AAD021_001088",0.941
"darkgreen","AAD021_005195",0.917
"darkgreen","AAD021_002358",0.914
"darkgreen","AAD021_011014",0.908
"darkgreen","AAD021_009664",0.907
"darkgreen","AAD021_001127",0.898
"darkgreen","AAD021_002081",0.897
"darkgreen","AAD021_001151",0.896
"darkgreen","AAD021_000279",0.888
"darkgreen","AAD021_007680",0.881
"darkgreen","AAD021_001537",0.879
"darkgreen","AAD021_001152",0.877
"darkgreen","AAD021_003539",0.872
"darkgreen","AAD021_008213",0.869
"darkgreen","AAD021_010989",0.866
"darkgreen","AAD021_004358",0.866
"darkgreen","AAD021_004212",0.86
"darkgreen","AAD021_011711",0.859
"darkgreen","AAD021_003638",0.856
"lightyellow","AAD021_011985",0.931
"lightyellow","AAD021_010187",0.909
"lightyellow","AAD021_003586",0.9
"lightyellow","AAD021_008220",0.886
"lightyellow","AAD021_003385",0.884
"lightyellow","AAD021_002305",0.868
"lightyellow","AAD021_012506",0.864
"lightyellow","AAD021_008792",0.857
"lightyellow","AAD021_004877",0.856
"lightyellow","AAD021_012208",0.854
"lightyellow","AAD021_008500",0.852
"lightyellow","AAD021_006420",0.849
"lightyellow","AAD021_011095",0.843
"lightyellow","AAD021_002903",0.836
"lightyellow","AAD021_000389",0.835
"lightyellow","AAD021_000662",0.831
"lightyellow","AAD021_006274",0.83
"lightyellow","AAD021_003130",0.826
"lightyellow","AAD021_006073",0.823
"lightyellow","AAD021_009231",0.816
"sienna3","AAD021_004012",0.969
"sienna3","AAD021_001533",0.965
"sienna3","AAD021_008004",0.95
"sienna3","AAD021_002561",0.934
"sienna3","AAD021_008295",0.928
"sienna3","AAD021_008772",0.926
"sienna3","AAD021_000844",0.923
"sienna3","AAD021_012271",0.919
"sienna3","AAD021_010042",0.919
"sienna3","AAD021_003103",0.919
"sienna3","AAD021_008363",0.914
"sienna3","AAD021_007017",0.902
"sienna3","AAD021_012514",0.898
"sienna3","AAD021_000606",0.897
"sienna3","AAD021_007679",0.897
"sienna3","AAD021_001459",0.892
"sienna3","AAD021_001834",0.891
"sienna3","AAD021_006034",0.873
"sienna3","AAD021_000319",0.863
"sienna3","AAD021_002508",0.858
"green","AAD021_007817",0.981
"green","AAD021_008039",0.98
"green","AAD021_002694",0.976
"green","AAD021_004182",0.971
"green","AAD021_002375",0.964
"green","AAD021_008907",0.957
"green","AAD021_009089",0.953
"green","AAD021_007278",0.953
"green","AAD021_006004",0.951
"green","AAD021_011652",0.947
"green","AAD021_007033",0.945
"green","AAD021_001187",0.942
"green","AAD021_009515",0.941
"green","AAD021_004643",0.938
"green","AAD021_004363",0.938
"green","AAD021_003852",0.93
"green","AAD021_002489",0.927
"green","AAD021_005196",0.926
"green","AAD021_006326",0.919
"green","AAD021_002296",0.913
"grey60","AAD021_006198",0.942
"grey60","AAD021_000791",0.938
"grey60","AAD021_001793",0.926
"grey60","AAD021_010610",0.917
"grey60","AAD021_005003",0.914
"grey60","AAD021_000236",0.893
"grey60","AAD021_006315",0.892
"grey60","AAD021_008949",0.882
"grey60","AAD021_004136",0.875
"grey60","AAD021_009056",0.871
"grey60","AAD021_005165",0.87
"grey60","AAD021_010941",0.868
"grey60","AAD021_009772",0.866
"grey60","AAD021_007555",0.863
"grey60","AAD021_001623",0.854
"grey60","AAD021_007929",0.853
"grey60","AAD021_001441",0.852
"grey60","AAD021_000342",0.85
"grey60","AAD021_002513",0.849
"grey60","AAD021_001606",0.848
"royalblue","AAD021_008957",0.965
"royalblue","AAD021_003217",0.964
"royalblue","AAD021_003844",0.937
"royalblue","AAD021_007845",0.934
"royalblue","AAD021_004207",0.928
"royalblue","AAD021_003920",0.917
"royalblue","AAD021_001522",0.911
"royalblue","AAD021_002696",0.905
"royalblue","AAD021_003880",0.904
"royalblue","AAD021_002650",0.898
"royalblue","AAD021_007419",0.893
"royalblue","AAD021_005851",0.891
"royalblue","AAD021_010029",0.891
"royalblue","AAD021_002652",0.891
"royalblue","AAD021_004590",0.888
"royalblue","AAD021_001192",0.882
"royalblue","AAD021_004409",0.88
"royalblue","AAD021_007730",0.876
"royalblue","AAD021_000261",0.875
"royalblue","AAD021_000744",0.861
"orangered4","AAD021_011817",0.961
"orangered4","AAD021_004042",0.902
"orangered4","AAD021_003325",0.9
"orangered4","AAD021_002233",0.896
"orangered4","AAD021_004005",0.877
"orangered4","AAD021_002786",0.868
"orangered4","AAD021_000010",0.863
"orangered4","AAD021_006009",0.85
"orangered4","AAD021_004178",0.848
"orangered4","AAD021_005245",0.847
"orangered4","AAD021_000815",0.832
"orangered4","AAD021_003562",0.828
"orangered4","AAD021_002047",0.817
"orangered4","AAD021_011101",0.811
"orangered4","AAD021_010882",0.794
"orangered4","AAD021_009160",0.793
"orangered4","AAD021_002469",0.78
"orangered4","AAD021_003618",0.763
"orangered4","AAD021_005010",0.761
"orangered4","AAD021_003857",0.74
"white","AAD021_008835",0.948
"white","AAD021_008117",0.933
"white","AAD021_006898",0.916
"white","AAD021_007894",0.905
"white","AAD021_004540",0.902
"white","AAD021_002817",0.898
"white","AAD021_001033",0.895
"white","AAD021_012604",0.894
"white","AAD021_002557",0.883
"white","AAD021_002284",0.879
"white","AAD021_011254",0.869
"white","AAD021_006154",0.867
"white","AAD021_010620",0.859
"white","AAD021_011022",0.857
"white","AAD021_000331",0.853
"white","AAD021_008862",0.843
"white","AAD021_010831",0.835
"white","AAD021_004482",0.832
"white","AAD021_012138",0.83
"white","AAD021_007536",0.825
"cyan","AAD021_007696",0.982
"cyan","AAD021_008745",0.971
"cyan","AAD021_003882",0.962
"cyan","AAD021_009142",0.96
"cyan","AAD021_010479",0.948
"cyan","AAD021_009869",0.942
"cyan","AAD021_009003",0.941
"cyan","AAD021_008051",0.938
"cyan","AAD021_011216",0.935
"cyan","AAD021_004391",0.933
"cyan","AAD021_001303",0.93
"cyan","AAD021_011639",0.93
"cyan","AAD021_010075",0.929
"cyan","AAD021_007754",0.92
"cyan","AAD021_003120",0.918
"cyan","AAD021_005201",0.911
"cyan","AAD021_008047",0.91
"cyan","AAD021_001598",0.904
"cyan","AAD021_009210",0.902
"cyan","AAD021_001081",0.9
"yellowgreen","AAD021_004279",0.921
"yellowgreen","AAD021_008542",0.915
"yellowgreen","AAD021_001483",0.908
"yellowgreen","AAD021_004350",0.898
"yellowgreen","AAD021_007954",0.896
"yellowgreen","AAD021_001617",0.895
"yellowgreen","AAD021_002643",0.89
"yellowgreen","AAD021_011038",0.876
"yellowgreen","AAD021_002577",0.874
"yellowgreen","AAD021_007684",0.863
"yellowgreen","AAD021_009940",0.86
"yellowgreen","AAD021_006786",0.853
"yellowgreen","AAD021_002294",0.843
"yellowgreen","AAD021_004923",0.842
"yellowgreen","AAD021_002465",0.83
"yellowgreen","AAD021_007344",0.825
"yellowgreen","AAD021_000755",0.82
"yellowgreen","AAD021_000326",0.818
"yellowgreen","AAD021_008261",0.806
"yellowgreen","AAD021_000941",0.802
"steelblue","AAD021_007197",0.982
"steelblue","AAD021_002500",0.945
"steelblue","AAD021_000402",0.937
"steelblue","AAD021_008341",0.929
"steelblue","AAD021_004093",0.923
"steelblue","AAD021_002349",0.922
"steelblue","AAD021_002636",0.919
"steelblue","AAD021_002808",0.917
"steelblue","AAD021_009273",0.911
"steelblue","AAD021_003265",0.902
"steelblue","AAD021_005238",0.898
"steelblue","AAD021_003436",0.894
"steelblue","AAD021_004164",0.893
"steelblue","AAD021_006363",0.891
"steelblue","AAD021_005058",0.884
"steelblue","AAD021_009643",0.859
"steelblue","AAD021_002326",0.854
"steelblue","AAD021_005455",0.854
"steelblue","AAD021_003058",0.849
"steelblue","AAD021_010066",0.828
"darkturquoise","AAD021_004366",0.943
"darkturquoise","AAD021_012349",0.91
"darkturquoise","AAD021_010300",0.908
"darkturquoise","AAD021_004921",0.899
"darkturquoise","AAD021_006576",0.895
"darkturquoise","AAD021_000618",0.886
"darkturquoise","AAD021_010641",0.881
"darkturquoise","AAD021_007657",0.878
"darkturquoise","AAD021_009252",0.869
"darkturquoise","AAD021_001128",0.865
"darkturquoise","AAD021_000927",0.863
"darkturquoise","AAD021_001642",0.863
"darkturquoise","AAD021_002953",0.86
"darkturquoise","AAD021_010347",0.859
"darkturquoise","AAD021_007066",0.857
"darkturquoise","AAD021_000860",0.855
"darkturquoise","AAD021_003063",0.854
"darkturquoise","AAD021_002728",0.849
"darkturquoise","AAD021_007760",0.844
"darkturquoise","AAD021_002471",0.844
"darkorange","AAD021_004124",0.953
"darkorange","AAD021_012221",0.949
"darkorange","AAD021_003207",0.935
"darkorange","AAD021_004645",0.91
"darkorange","AAD021_001199",0.903
"darkorange","AAD021_003782",0.896
"darkorange","AAD021_008517",0.895
"darkorange","AAD021_008315",0.888
"darkorange","AAD021_011066",0.886
"darkorange","AAD021_008269",0.882
"darkorange","AAD021_006417",0.881
"darkorange","AAD021_007385",0.881
"darkorange","AAD021_005300",0.878
"darkorange","AAD021_011651",0.869
"darkorange","AAD021_001070",0.864
"darkorange","AAD021_004690",0.857
"darkorange","AAD021_005977",0.846
"darkorange","AAD021_011181",0.838
"darkorange","AAD021_002323",0.834
"darkorange","AAD021_009348",0.823
"darkgrey","AAD021_011034",0.949
"darkgrey","AAD021_003341",0.902
"darkgrey","AAD021_006911",0.888
"darkgrey","AAD021_000607",0.873
"darkgrey","AAD021_000853",0.873
"darkgrey","AAD021_003324",0.871
"darkgrey","AAD021_000974",0.867
"darkgrey","AAD021_004215",0.866
"darkgrey","AAD021_008040",0.854
"darkgrey","AAD021_005948",0.852
"darkgrey","AAD021_008084",0.851
"darkgrey","AAD021_000226",0.846
"darkgrey","AAD021_002788",0.829
"darkgrey","AAD021_001380",0.828
"darkgrey","AAD021_005831",0.826
"darkgrey","AAD021_003790",0.825
"darkgrey","AAD021_003848",0.825
"darkgrey","AAD021_008383",0.817
"darkgrey","AAD021_008622",0.808
"darkgrey","AAD021_001356",0.799
"lightsteelblue1","AAD021_005940",0.931
"lightsteelblue1","AAD021_003746",0.913
"lightsteelblue1","AAD021_000345",0.907
"lightsteelblue1","AAD021_011641",0.906
"lightsteelblue1","AAD021_004481",0.899
"lightsteelblue1","AAD021_002689",0.891
"lightsteelblue1","AAD021_011824",0.882
"lightsteelblue1","AAD021_011261",0.868
"lightsteelblue1","AAD021_009255",0.846
"lightsteelblue1","AAD021_008652",0.845
"lightsteelblue1","AAD021_004355",0.842
"lightsteelblue1","AAD021_001282",0.84
"lightsteelblue1","AAD021_007415",0.828
"lightsteelblue1","AAD021_007109",0.826
"lightsteelblue1","AAD021_009013",0.824
"lightsteelblue1","AAD021_004552",0.804
"lightsteelblue1","AAD021_003353",0.798
"lightsteelblue1","AAD021_010937",0.797
"lightsteelblue1","AAD021_003712",0.796
"lightsteelblue1","AAD021_000052",0.789
"skyblue","AAD021_008241",0.942
"skyblue","AAD021_008406",0.917
"skyblue","AAD021_010254",0.917
"skyblue","AAD021_012018",0.915
"skyblue","AAD021_001503",0.904
"skyblue","AAD021_002943",0.88
"skyblue","AAD021_002462",0.87
"skyblue","AAD021_002791",0.867
"skyblue","AAD021_009221",0.865
"skyblue","AAD021_002104",0.864
"skyblue","AAD021_000748",0.856
"skyblue","AAD021_005248",0.848
"skyblue","AAD021_004841",0.843
"skyblue","AAD021_007452",0.839
"skyblue","AAD021_008073",0.829
"skyblue","AAD021_000955",0.828
"skyblue","AAD021_007305",0.828
"skyblue","AAD021_002932",0.826
"skyblue","AAD021_008968",0.822
"skyblue","AAD021_005295",0.82
"orange","AAD021_001543",0.977
"orange","AAD021_004905",0.952
"orange","AAD021_009790",0.934
"orange","AAD021_002553",0.904
"orange","AAD021_001921",0.894
"orange","AAD021_002396",0.892
"orange","AAD021_002519",0.884
"orange","AAD021_006740",0.884
"orange","AAD021_011655",0.883
"orange","AAD021_003112",0.88
"orange","AAD021_001178",0.877
"orange","AAD021_009545",0.875
"orange","AAD021_004650",0.874
"orange","AAD021_008050",0.849
"orange","AAD021_010306",0.846
"orange","AAD021_004227",0.844
"orange","AAD021_006489",0.841
"orange","AAD021_005008",0.838
"orange","AAD021_008796",0.833
"orange","AAD021_002663",0.831
"skyblue3","AAD021_008279",0.972
"skyblue3","AAD021_000221",0.959
"skyblue3","AAD021_002803",0.946
"skyblue3","AAD021_000678",0.946
"skyblue3","AAD021_009798",0.936
"skyblue3","AAD021_001568",0.934
"skyblue3","AAD021_007309",0.927
"skyblue3","AAD021_004684",0.926
"skyblue3","AAD021_006290",0.92
"skyblue3","AAD021_004683",0.907
"skyblue3","AAD021_004412",0.903
"skyblue3","AAD021_010962",0.902
"skyblue3","AAD021_005750",0.9
"skyblue3","AAD021_011693",0.9
"skyblue3","AAD021_001034",0.863
"skyblue3","AAD021_006380",0.863
"skyblue3","AAD021_000946",0.86
"skyblue3","AAD021_009693",0.851
"skyblue3","AAD021_009884",0.851
"skyblue3","AAD021_011089",0.839
"plum1","AAD021_002966",0.923
"plum1","AAD021_008351",0.899
"plum1","AAD021_003177",0.897
"plum1","AAD021_000909",0.891
"plum1","AAD021_006938",0.882
"plum1","AAD021_002370",0.882
"plum1","AAD021_004764",0.876
"plum1","AAD021_010608",0.871
"plum1","AAD021_002402",0.87
"plum1","AAD021_008002",0.868
"plum1","AAD021_007039",0.861
"plum1","AAD021_007801",0.857
"plum1","AAD021_002611",0.852
"plum1","AAD021_008230",0.838
"plum1","AAD021_007822",0.83
"plum1","AAD021_002787",0.827
"plum1","AAD021_003697",0.823
"plum1","AAD021_000514",0.802
"plum1","AAD021_008304",0.793
"plum1","AAD021_007764",0.785
