NP_001909	KAN1674379.1	32.9	1.02e-50	179
NP_115785	KAN1671540.1	29.8	1.04e-10	62.8
NP_002970	KAN1674523.1	52.1	8.02e-138	406
NP_001180528	KAN1674523.1	49.1	9.12e-125	372
NP_001180529	KAN1674523.1	44.6	1.40e-106	324
NP_001180546	KAN1674523.1	51.9	1.33e-114	343
NP_056193	KAN1674961.1	22.3	1.10e-37	156
NP_060626	KAN1674961.1	22.3	1.09e-37	156
NP_001095132	KAN1671870.1	28.5	9.21e-103	350
NP_002516	KAN1671870.1	28.6	4.78e-102	349
NP_001229290	KAN1671870.1	28.6	6.00e-103	349
NP_982289	KAN1671360.1	37.0	6.51e-49	168
NP_037542	KAN1671360.1	37.0	6.51e-49	168
NP_001005353	KAN1671360.1	37.0	6.51e-49	168
NP_001116146	KAN1674610.1	33.5	1.49e-28	112
NP_002849	KAN1674610.1	38.2	7.78e-150	450
NP_957715	KAN1670821.1	46.0	9.67e-35	123
NP_056651	KAN1670821.1	39.4	3.37e-61	196
NP_057611	KAN1678087.1	39.8	1.34e-78	248
NP_001005783	KAN1678087.1	39.8	1.34e-78	248
NP_079426	KAN1672067.1	46.4	2.05e-221	635
NP_001258824	KAN1672067.1	39.9	1.78e-175	515
NP_001258825	KAN1672067.1	36.5	9.09e-150	447
NP_056230	KAN1677749.1	64.8	1.03e-37	122
NP_001137146	KAN1677749.1	64.8	1.03e-37	122
NP_060592	KAN1687437.1	36.9	1.43e-100	321
NP_064632	KAN1688664.1	42.8	2.79e-103	327
NP_003670	KAN1671675.1	44.1	3.47e-54	183
NP_001164006	KAN1671663.1	27.0	3.34e-10	62.0
NP_001164007	KAN1671663.1	27.0	2.55e-10	62.0
NP_060658	KAN1671663.1	27.0	3.81e-10	62.0
NP_060668	KAN1692677.1	24.6	2.41e-22	99.8
NP_009193	KAN1671939.1	33.6	6.54e-26	98.2
NP_001116849	KAN1671939.1	33.6	6.54e-26	98.2
NP_115691	KAN1682780.1	40.0	9.39e-51	168
NP_079034	KAN1678533.1	33.9	3.92e-50	171
NP_997231	KAN1675298.1	36.7	1.49e-43	150
NP_002991	KAN1690159.1	69.1	9.60e-122	347
NP_003739	KAN1686847.1	47.8	1.12e-169	491
NP_733844	KAN1686847.1	47.8	1.12e-169	491
NP_001154976	KAN1686847.1	49.0	4.24e-164	474
NP_003680	KAN1671331.1	44.6	1.73e-78	243
NP_001191012	KAN1671931.1	50.8	9.92e-20	77.0
NP_001191011	KAN1671931.1	37.7	1.39e-09	48.1
NP_001027535	KAN1671931.1	50.8	1.59e-20	76.6
NP_001159531	KAN1672178.1	40.1	6.75e-67	209
NP_000182	KAN1672178.1	47.8	3.02e-96	287
NP_001019903	KAN1679073.1	41.6	1.22e-70	222
NP_057095	KAN1679073.1	41.1	3.44e-77	242
NP_001186128	KAN1670940.1	59.2	1.77e-83	248
NP_037543	KAN1670940.1	62.6	2.17e-91	268
NP_001616	KAN1670940.1	60.7	4.93e-92	270
NP_071403	KAN1671035.1	50.2	2.67e-160	464
NP_060116	KAN1671192.1	30.5	3.00e-54	188
NP_001041638	KAN1692679.1	40.0	6.12e-83	266
NP_036354	KAN1692679.1	40.0	1.21e-82	266
NP_001121897	KAN1692679.1	40.0	1.31e-82	266
NP_001041639	KAN1692679.1	40.0	6.12e-83	266
NP_001041636	KAN1692679.1	40.0	9.00e-83	266
NP_001041637	KAN1692679.1	40.0	6.29e-83	266
NP_060751	KAN1687092.1	37.7	3.50e-41	143
NP_001185891	KAN1687092.1	39.6	1.93e-17	79.0
NP_001185890	KAN1687092.1	46.8	4.63e-63	201
NP_001007099	KAN1674523.1	53.3	1.22e-91	279
NP_000089	KAN1690858.1	30.1	1.23e-74	250
NP_001880	KAN1677994.1	32.7	4.26e-40	142
NP_001123515	KAN1677994.1	34.6	8.77e-29	111
NP_001123514	KAN1677994.1	32.7	4.26e-40	142
NP_001128231	KAN1677994.1	31.7	1.22e-17	78.2
NP_001120800	KAN1692427.1	35.6	1.49e-61	204
NP_000007	KAN1692427.1	35.6	1.33e-61	204
NP_001272973	KAN1692427.1	38.8	1.09e-40	142
NP_001272971	KAN1692427.1	35.5	1.76e-62	205
NP_001272972	KAN1692427.1	33.2	4.17e-56	190
NP_001008662	KAN1687345.1	35.7	6.56e-82	257
NP_001008661	KAN1687345.1	35.0	1.83e-81	257
NP_037518	KAN1687185.1	30.4	3.49e-48	174
NP_998816	KAN1687185.1	37.9	3.19e-48	173
NP_001229603	KAN1692939.1	51.0	4.46e-150	434
NP_006612	KAN1692939.1	51.0	2.27e-149	434
NP_001229604	KAN1692939.1	51.0	4.46e-150	434
NP_001229602	KAN1692939.1	51.0	4.46e-150	434
NP_001229605	KAN1692939.1	51.0	4.46e-150	434
NP_001159579	KAN1678686.1	41.6	8.76e-122	363
NP_005509	KAN1678686.1	47.2	2.48e-146	427
NP_079483	KAN1671951.1	39.3	6.36e-45	161
NP_001171820	KAN1671951.1	36.8	5.87e-38	140
NP_001171821	KAN1672127.1	25.9	5.15e-19	84.3
NP_958800	KAN1671951.1	39.3	1.31e-45	161
NP_001129294	KAN1678414.1	45.0	9.06e-93	280
NP_001229753	KAN1678414.1	45.0	9.06e-93	280
NP_001995	KAN1678414.1	45.0	8.03e-92	280
NP_001129293	KAN1678414.1	45.0	8.03e-92	280
NP_001229754	KAN1678414.1	44.9	1.08e-72	225
NP_055470	KAN1678217.1	23.0	1.66e-10	60.8
NP_001273113	KAN1678217.1	22.6	1.81e-10	60.8
NP_658985	KAN1681104.1	51.3	2.08e-70	216
NP_001106678	KAN1674732.1	40.4	1.14e-20	80.5
NP_001106676	KAN1674732.1	39.8	8.35e-15	65.1
NP_001172021	KAN1671213.1	38.9	4.63e-23	94.0
NP_001172023	KAN1671213.1	36.3	3.55e-38	135
NP_001172022	KAN1671213.1	36.3	6.15e-38	135
NP_000300	KAN1682992.1	32.2	5.09e-57	195
NP_005591	KAN1671213.1	36.3	8.95e-38	135
NP_001159631	KAN1675711.1	69.0	8.31e-208	590
NP_004541	KAN1675711.1	69.7	9.18e-214	605
NP_001116236	KAN1682992.1	32.2	5.09e-57	195
NP_000687	KAN1690471.1	42.2	9.15e-126	375
NP_004896	KAN1691017.1	54.8	3.24e-81	241
NP_006326	KAN1677627.1	51.0	4.68e-47	149
NP_653168	KAN1677410.1	27.0	6.25e-23	101
NP_620149	KAN1686919.1	24.9	1.80e-13	67.0
NP_060530	KAN1692671.1	39.6	3.33e-218	648
NP_037460	KAN1671705.1	41.0	3.74e-42	146
NP_001258610	KAN1671705.1	50.0	1.50e-18	81.6
NP_001229768	KAN1679017.1	58.1	5.46e-66	201
NP_001152863	KAN1679017.1	58.1	5.46e-66	201
NP_000849	KAN1679017.1	58.1	5.46e-66	201
NP_001152862	KAN1679017.1	58.1	2.37e-65	200
NP_001229769	KAN1679017.1	58.0	1.09e-56	179
NP_001010867	KAN1687290.1	29.1	9.00e-32	122
NP_036221	KAN1678119.1	46.0	1.30e-160	478
NP_000134	KAN1674835.1	65.7	1.90e-214	599
NP_056303	KAN1671101.1	33.3	4.36e-43	150
NP_001268441	KAN1687302.1	30.4	4.65e-41	149
NP_000174	KAN1687302.1	29.8	1.68e-42	154
NP_001268442	KAN1687302.1	29.8	1.10e-42	154
NP_003840	KAN1675054.1	66.6	2.00e-126	390
NP_653164	KAN1690368.1	48.7	2.41e-70	218
NP_057128	KAN1670721.1	38.1	1.23e-48	163
NP_001076581	KAN1674429.1	60.2	9.77e-229	656
NP_000399	KAN1674429.1	60.2	9.77e-229	656
NP_079046	KAN1678641.1	31.6	1.05e-51	177
NP_954697	KAN1671617.1	45.7	1.80e-77	245
NP_055177	KAN1671510.1	39.2	9.56e-75	238
NP_932164	KAN1671510.1	39.3	1.80e-65	213
NP_001116105	KAN1690989.1	51.4	0.0	1442
NP_000775	KAN1694192.1	26.9	1.53e-22	99.8
NP_065956	KAN1678273.1	35.4	1.76e-41	145
NP_000173	KAN1687092.1	35.7	1.38e-28	116
NP_653337	KAN1685470.1	36.3	2.11e-75	240
NP_001077415	KAN1685470.1	33.9	1.24e-14	73.2
NP_002444	KAN1671049.1	42.3	8.03e-119	373
NP_001005369	KAN1671049.1	42.3	8.03e-119	373
NP_001002755	KAN1674409.1	54.0	2.94e-66	206
NP_056515	KAN1674409.1	54.0	1.26e-66	206
NP_001002756	KAN1674409.1	53.5	3.88e-34	118
NP_006627	KAN1671588.1	39.9	1.36e-60	208
NP_001853	KAN1685500.1	41.8	5.65e-13	60.8
NP_660200	KAN1686982.1	28.9	7.37e-30	117
NP_660199	KAN1686982.1	28.9	7.37e-30	117
NP_660198	KAN1686982.1	28.9	7.37e-30	117
NP_057013	KAN1686982.1	28.9	7.37e-30	117
NP_001191759	KAN1686982.1	28.9	7.37e-30	117
NP_001171514	KAN1685835.1	57.6	1.07e-27	95.9
NP_001171513	KAN1685835.1	57.6	2.44e-28	97.8
NP_001269562	KAN1685835.1	57.6	2.44e-28	97.8
NP_065438	KAN1685835.1	57.6	2.44e-28	97.8
NP_001269565	KAN1685835.1	67.8	1.75e-24	86.3
NP_001171512	KAN1685835.1	57.6	1.22e-27	97.1
NP_001171488	KAN1685835.1	57.6	2.34e-27	97.1
NP_001269563	KAN1685835.1	57.6	2.44e-28	97.8
NP_001269564	KAN1685835.1	57.6	2.44e-28	97.8
NP_001073332	KAN1685835.1	57.6	3.76e-28	96.7
NP_001073331	KAN1685835.1	57.6	5.13e-28	96.3
NP_003696	KAN1675319.1	38.2	3.31e-103	338
NP_002601	KAN1683166.1	40.4	1.25e-56	192
NP_001265478	KAN1683166.1	33.9	2.15e-67	221
NP_071748	KAN1677733.1	31.0	5.42e-34	127
NP_002148	KAN1683120.1	48.1	2.38e-26	92.8
NP_002147	KAN1671557.1	56.3	3.11e-208	592
NP_955472	KAN1671557.1	56.3	3.11e-208	592
NP_001129511	KAN1675711.1	39.3	1.00e-25	107
NP_068596	KAN1675711.1	39.3	6.16e-26	107
NP_001135827	KAN1675711.1	39.3	6.16e-26	107
NP_001186913	KAN1672377.1	54.8	5.43e-233	662
NP_001186911	KAN1672377.1	55.3	6.25e-230	649
NP_004997	KAN1672377.1	54.8	3.33e-233	662
NP_001186912	KAN1672377.1	54.8	4.41e-234	662
NP_001186910	KAN1672377.1	54.8	6.58e-234	662
NP_001599	KAN1692427.1	29.8	2.98e-50	174
NP_001866	KAN1690989.1	51.4	0.0	1442
NP_001116106	KAN1690989.1	53.8	0.0	1083
NP_072094	KAN1671101.1	33.3	2.47e-43	150
NP_004319	KAN1671401.1	49.4	1.72e-134	392
NP_001244271	KAN1671401.1	49.4	1.72e-134	392
NP_001073335	KAN1671401.1	49.4	1.72e-134	392
NP_001244272	KAN1671401.1	49.4	1.72e-134	392
NP_001244273	KAN1671401.1	49.4	1.72e-134	392
NP_005680	KAN1677777.1	49.1	7.62e-168	515
NP_001274178	KAN1674813.1	54.0	2.64e-136	412
NP_036277	KAN1679004.1	43.3	1.85e-57	180
NP_001158503	KAN1679004.1	39.3	8.38e-44	144
NP_689996	KAN1674813.1	50.8	2.60e-155	466
NP_036322	KAN1690470.1	45.8	8.53e-145	437
NP_001257293	KAN1690470.1	45.8	1.11e-144	437
NP_001257294	KAN1690470.1	45.8	5.28e-146	437
NP_002003	KAN1675349.1	42.9	7.30e-22	85.5
NP_001159715	KAN1675349.1	42.9	7.30e-22	85.5
NP_065142	KAN1681191.1	52.1	6.67e-10	57.4
NP_001091972	KAN1677904.1	58.1	2.53e-23	90.9
NP_653237	KAN1677904.1	58.1	3.86e-23	90.9
NP_056155	KAN1677540.1	19.9	1.50e-07	54.3
NP_060867	KAN1671936.1	33.4	1.78e-78	258
NP_775742	KAN1681580.1	50.4	3.03e-75	229
NP_001158268	KAN1681580.1	47.5	8.12e-42	140
NP_001171070	KAN1674698.1	50.8	6.31e-120	355
NP_003839	KAN1674698.1	49.8	5.46e-127	372
NP_000088	KAN1692566.1	50.7	2.29e-114	338
NP_955452	KAN1690939.1	27.7	5.20e-33	140
NP_009139	KAN1671380.1	45.0	7.94e-54	178
NP_001186976	KAN1678066.1	40.0	1.61e-08	51.2
NP_001957	KAN1687092.1	37.0	1.26e-28	116
NP_570847	KAN1678547.1	30.1	2.59e-27	118
NP_570850	KAN1678547.1	30.1	2.78e-27	118
NP_570844	KAN1678547.1	30.1	2.30e-27	118
NP_570848	KAN1678547.1	30.1	2.59e-27	118
NP_570849	KAN1678547.1	30.1	2.69e-27	118
NP_056375	KAN1678547.1	30.1	2.49e-27	118
NP_570845	KAN1678547.1	30.1	2.39e-27	118
NP_570846	KAN1678547.1	30.1	2.50e-27	118
NP_058434	KAN1671398.1	39.4	7.90e-36	132
NP_058213	KAN1671398.1	39.4	2.57e-55	186
NP_058436	KAN1671398.1	41.1	2.33e-24	97.1
NP_058212	KAN1671398.1	39.6	2.98e-57	188
NP_058214	KAN1671398.1	39.4	5.15e-55	185
NP_002533	KAN1671398.1	40.3	5.51e-61	198
NP_058437	KAN1671398.1	39.2	5.90e-56	186
NP_058438	KAN1671398.1	39.4	4.30e-56	185
NP_001271330	KAN1681178.1	36.8	9.16e-58	191
NP_620162	KAN1681178.1	38.1	1.72e-49	168
NP_001123882	KAN1674927.1	34.9	3.65e-59	194
NP_001598	KAN1692329.1	56.7	1.02e-138	402
NP_060345	KAN1692436.1	33.9	1.10e-17	79.0
NP_619520	KAN1675365.1	33.2	5.37e-102	352
NP_055781	KAN1675365.1	33.2	2.94e-102	352
NP_003356	KAN1681483.1	46.4	4.01e-121	385
NP_000378	KAN1675114.1	48.6	8.18e-88	263
NP_958799	KAN1685795.1	46.6	2.75e-11	55.5
NP_000572	KAN1685795.1	31.9	4.42e-18	76.6
NP_001158184	KAN1685519.1	44.9	1.40e-97	295
NP_000472	KAN1685519.1	45.1	3.72e-105	315
NP_001158183	KAN1685519.1	43.8	1.21e-78	245
NP_001158182	KAN1685519.1	40.9	8.19e-83	256
NP_954635	KAN1687459.1	49.0	9.13e-131	399
NP_000679	KAN1687459.1	49.0	9.13e-131	399
NP_808881	KAN1677410.1	26.8	1.74e-25	110
NP_001166939	KAN1687181.1	62.5	2.48e-143	409
NP_000916	KAN1687181.1	66.5	9.14e-158	446
NP_064587	KAN1671213.1	56.5	7.36e-104	303
NP_055635	KAN1691079.1	30.4	1.18e-37	144
NP_054768	KAN1671538.1	36.1	6.86e-61	208
NP_115545	KAN1687443.1	47.8	1.13e-113	351
NP_001098117	KAN1682780.1	41.4	8.44e-59	188
NP_060625	KAN1682780.1	41.0	4.05e-56	181
NP_079272	KAN1690845.1	55.8	2.43e-262	762
NP_001177162	KAN1685848.1	60.9	6.88e-22	85.9
NP_660304	KAN1685848.1	44.5	1.25e-21	86.3
NP_064551	KAN1675523.1	45.5	1.81e-181	557
NP_036450	KAN1671646.1	37.9	7.39e-84	278
NP_068746	KAN1671476.1	51.8	2.65e-202	580
NP_001138450	KAN1671588.1	43.1	7.81e-63	214
NP_789843	KAN1675269.1	43.5	4.57e-20	83.2
NP_789842	KAN1675269.1	48.8	2.85e-38	133
NP_008834	KAN1675269.1	42.1	4.08e-60	192
NP_789845	KAN1675269.1	44.4	7.82e-74	228
NP_001171634	KAN1678215.1	34.6	1.53e-47	161
NP_005318	KAN1678215.1	36.2	1.32e-51	171
NP_001273641	KAN1671094.1	42.6	1.23e-125	382
NP_001273637	KAN1671094.1	39.9	2.69e-140	426
NP_001273640	KAN1671094.1	38.0	3.93e-129	395
NP_001986	KAN1671094.1	39.9	2.69e-140	426
NP_056991	KAN1675692.1	44.4	3.49e-113	343
NP_006850	KAN1674840.1	55.6	1.63e-137	396
NP_001265520	KAN1674840.1	47.2	1.47e-25	98.6
NP_919433	KAN1674840.1	56.9	1.91e-115	338
NP_001265519	KAN1674840.1	48.5	4.24e-111	327
NP_056512	KAN1685249.1	33.3	6.09e-42	149
NP_057151	KAN1687245.1	45.5	2.02e-09	52.4
NP_689755	KAN1678020.1	31.8	2.97e-06	47.8
NP_005381	KAN1671770.1	51.0	2.40e-119	350
NP_112581	KAN1675012.1	53.2	4.90e-92	275
NP_068605	KAN1690183.1	34.4	1.44e-44	152
NP_004555	KAN1686957.1	38.1	2.11e-105	330
NP_001268666	KAN1672217.1	49.4	8.53e-203	578
NP_004444	KAN1672217.1	49.1	2.28e-202	579
NP_001268667	KAN1672217.1	49.3	5.88e-202	576
NP_116172	KAN1687507.1	28.6	3.19e-18	79.7
NP_872603	KAN1685964.1	41.8	6.36e-76	238
NP_057312	KAN1685964.1	41.8	6.36e-76	238
NP_001273612	KAN1685964.1	41.8	6.36e-76	238
NP_001273611	KAN1685964.1	41.8	7.15e-76	238
NP_001273639	KAN1671094.1	39.8	5.34e-140	425
NP_001142	KAN1675012.1	54.6	1.78e-95	283
NP_000427	KAN1671035.1	51.5	2.54e-169	488
NP_036475	KAN1671367.1	51.7	0.0	962
NP_892022	KAN1671367.1	51.7	0.0	962
NP_002486	KAN1681050.1	38.2	3.22e-28	102
NP_071415	KAN1687034.1	57.4	6.70e-205	581
NP_733781	KAN1687213.1	40.6	9.67e-79	261
NP_733792	KAN1690845.1	32.1	1.53e-91	310
NP_115756	KAN1690845.1	34.2	2.21e-105	350
NP_001268231	KAN1690845.1	34.2	4.88e-105	350
NP_056071	KAN1671094.1	41.0	8.17e-143	433
NP_001009185	KAN1671094.1	40.5	8.17e-143	433
NP_001192176	KAN1671094.1	41.0	2.82e-143	433
NP_001192177	KAN1671094.1	41.0	3.83e-143	433
NP_001192179	KAN1671094.1	40.5	5.35e-143	433
NP_001192180	KAN1671094.1	38.5	2.05e-126	387
NP_004159	KAN1671650.1	65.5	4.97e-306	845
NP_001180384	KAN1692589.1	34.9	3.09e-108	343
NP_060225	KAN1692589.1	36.6	1.89e-123	384
NP_071413	KAN1681258.1	48.0	4.39e-59	192
NP_001161067	KAN1685335.1	43.9	1.36e-88	272
NP_976316	KAN1685335.1	55.1	1.92e-38	135
NP_055139	KAN1685335.1	43.9	9.21e-89	272
NP_114106	KAN1685291.1	28.9	1.46e-44	162
NP_065777	KAN1681264.1	40.3	2.70e-155	464
NP_000405	KAN1685561.1	52.5	2.29e-87	286
NP_001186220	KAN1685561.1	51.2	3.30e-73	248
NP_001186221	KAN1685561.1	48.6	2.01e-76	256
NP_001173	KAN1672052.1	52.2	3.63e-187	535
NP_001188306	KAN1672052.1	52.2	1.32e-187	535
NP_001189333	KAN1672052.1	47.2	1.17e-157	458
NP_003365	KAN1681310.1	33.6	1.99e-52	172
NP_660325	KAN1678293.1	35.9	7.76e-19	79.7
NP_004125	KAN1678099.1	65.4	4.62e-280	781
NP_001265661	KAN1692816.1	44.2	4.61e-92	285
NP_001265660	KAN1692816.1	46.5	2.55e-134	399
NP_036340	KAN1692816.1	46.3	1.48e-137	408
NP_060342	KAN1685447.1	40.0	4.11e-65	203
NP_037369	KAN1674605.1	34.3	2.80e-25	97.4
NP_001026847	KAN1671859.1	39.9	2.28e-32	115
NP_001258757	KAN1674605.1	34.3	5.74e-25	96.3
NP_570137	KAN1671859.1	39.9	2.28e-32	115
NP_006558	KAN1671586.1	43.4	1.00e-112	338
NP_001071	KAN1686921.1	51.7	5.79e-159	461
NP_733936	KAN1686921.1	50.3	1.34e-155	452
NP_036255	KAN1691071.1	44.0	3.79e-150	447
NP_001116698	KAN1691071.1	41.2	3.90e-142	428
NP_598400	KAN1691071.1	42.2	2.83e-144	433
NP_000047	KAN1671894.1	58.3	3.92e-136	394
NP_898871	KAN1671894.1	58.3	3.92e-136	394
NP_060762	KAN1678651.1	36.1	1.25e-87	278
NP_660358	KAN1687031.1	43.3	1.11e-107	328
NP_001229696	KAN1671588.1	50.7	3.37e-307	874
NP_056255	KAN1671588.1	50.7	7.10e-309	878
NP_001229697	KAN1671588.1	50.7	3.32e-308	874
NP_996667	KAN1671633.1	35.2	2.79e-24	99.8
NP_001159482	KAN1671633.1	35.2	1.86e-24	99.8
NP_006108	KAN1671633.1	35.2	1.86e-24	99.8
NP_065175	KAN1685677.1	46.8	2.64e-248	726
NP_001161206	KAN1685677.1	46.8	6.78e-248	726
NP_001161205	KAN1685677.1	48.4	2.03e-226	665
NP_055049	KAN1681539.1	35.9	5.65e-38	132
NP_005934	KAN1675324.1	53.9	1.43e-82	251
NP_001068566	KAN1675324.1	53.9	1.43e-82	251
NP_057034	KAN1675638.1	35.4	3.33e-14	71.2
NP_065796	KAN1671325.1	38.3	8.18e-198	593
NP_001190981	KAN1688671.1	23.3	4.25e-09	54.7
NP_004268	KAN1690183.1	33.4	8.66e-44	151
NP_001190980	KAN1690183.1	33.8	8.04e-41	142
NP_064716	KAN1682711.1	37.5	2.46e-112	354
NP_059117	KAN1678832.1	33.3	4.12e-43	151
NP_116119	KAN1671070.1	30.5	3.08e-30	118
NP_061914	KAN1679030.1	37.6	2.53e-28	111
NP_001107656	KAN1679030.1	37.6	2.74e-29	111
NP_116250	KAN1690204.1	25.5	5.44e-08	54.7
NP_001019637	KAN1671794.1	41.3	6.48e-47	151
NP_001019636	KAN1674625.1	53.0	1.67e-73	220
NP_000627	KAN1674625.1	53.0	1.67e-73	220
NP_057182	KAN1674976.1	52.3	5.22e-36	119
NP_001257808	KAN1674976.1	44.7	1.23e-08	47.0
NP_064695	KAN1682714.1	42.0	2.20e-62	199
NP_001180242	KAN1681484.1	37.9	4.51e-86	274
NP_079004	KAN1681484.1	34.1	2.23e-57	197
NP_001180240	KAN1681484.1	36.2	2.56e-81	262
NP_001180241	KAN1681484.1	36.7	3.32e-67	223
NP_683682	KAN1678420.1	26.1	1.04e-08	56.6
NP_689953	KAN1671130.1	40.4	1.50e-62	200
NP_002038	KAN1690511.1	48.3	2.79e-205	593
NP_001158508	KAN1681483.1	50.3	4.08e-320	926
NP_002532	KAN1681483.1	50.7	0.0	936
NP_001003941	KAN1681483.1	46.1	2.68e-91	300
NP_057170	KAN1680837.1	30.7	1.41e-10	58.5
NP_001153682	KAN1675319.1	37.0	2.19e-101	333
NP_055066	KAN1675319.1	37.2	3.00e-102	336
NP_056538	KAN1692196.1	31.5	7.83e-26	111
NP_001242937	KAN1692196.1	31.5	7.83e-26	111
NP_001242936	KAN1692196.1	31.5	7.83e-26	111
NP_001242939	KAN1692196.1	31.5	5.73e-26	111
NP_001242938	KAN1692196.1	38.5	3.63e-14	74.7
NP_001242940	KAN1692196.1	31.5	5.73e-26	111
NP_005754	KAN1690963.1	28.3	4.98e-107	351
NP_055205	KAN1677893.1	34.4	2.39e-141	442
NP_443085	KAN1675221.1	31.1	2.27e-74	250
NP_009119	KAN1678119.1	35.2	1.69e-97	313
NP_001269222	KAN1678119.1	35.1	4.78e-98	312
NP_001269221	KAN1678119.1	35.1	4.42e-84	277
NP_001269220	KAN1678119.1	35.2	2.56e-97	313
NP_061820	KAN1685903.1	63.7	4.62e-46	142
NP_001189398	KAN1675326.1	43.0	3.51e-35	125
NP_001474	KAN1675326.1	38.2	2.62e-48	161
NP_683711	KAN1685307.1	38.4	4.75e-30	114
NP_001138836	KAN1685307.1	46.1	3.38e-19	84.0
NP_683710	KAN1685307.1	38.4	5.55e-30	114
NP_110425	KAN1678420.1	26.1	1.09e-08	56.6
NP_001268370	KAN1678420.1	26.7	1.26e-06	49.3
NP_005909	KAN1694167.1	55.4	8.54e-113	330
NP_001269332	KAN1694167.1	48.2	2.20e-86	261
NP_001269333	KAN1694167.1	52.2	3.30e-70	217
NP_001137407	KAN1670799.1	25.8	3.26e-40	156
NP_066974	KAN1670799.1	26.6	7.54e-44	166
NP_061331	KAN1674915.1	36.2	1.28e-53	178
NP_149098	KAN1672120.1	27.4	2.80e-17	82.8
NP_001036182	KAN1672120.1	36.0	5.03e-08	53.1
NP_002603	KAN1683166.1	41.4	5.15e-55	187
NP_064571	KAN1692396.1	41.1	1.98e-14	63.9
NP_057152	KAN1678933.1	35.9	1.94e-21	83.6
NP_004270	KAN1681483.1	54.6	5.10e-145	449
NP_000099	KAN1690215.1	60.4	6.39e-201	567
NP_001276679	KAN1690215.1	59.5	2.08e-163	468
NP_001276680	KAN1690215.1	56.4	1.31e-179	512
NP_001276681	KAN1690215.1	56.0	4.23e-179	509
NP_001653	KAN1687104.1	81.1	1.42e-105	299
NP_001182031	KAN1671005.1	53.9	1.74e-152	442
NP_000628	KAN1671005.1	53.8	4.67e-160	462
NP_001182033	KAN1671005.1	48.5	2.36e-133	391
NP_001182032	KAN1671005.1	50.4	2.48e-143	417
NP_054894	KAN1671171.1	33.2	1.32e-22	92.8
NP_653251	KAN1694324.1	48.6	4.09e-141	412
NP_057111	KAN1670929.1	37.7	4.44e-58	188
NP_001245376	KAN1677967.1	42.3	1.68e-139	422
NP_001245375	KAN1677967.1	42.3	1.68e-139	422
NP_057696	KAN1679136.1	44.7	1.19e-81	249
NP_009129	KAN1686005.1	39.4	1.28e-46	156
NP_001186589	KAN1671646.1	43.0	3.18e-39	144
NP_001186588	KAN1671646.1	42.9	9.65e-61	207
NP_653253	KAN1671646.1	33.7	4.17e-37	141
NP_001273716	KAN1671646.1	43.0	3.18e-39	144
NP_001273748	KAN1671646.1	42.9	3.19e-60	207
NP_001273750	KAN1671646.1	40.4	1.00e-06	46.6
NP_005653	KAN1681310.1	35.9	3.21e-54	176
NP_001129166	KAN1681310.1	35.8	1.46e-52	172
NP_001266287	KAN1674496.1	42.0	2.28e-49	160
NP_006321	KAN1674496.1	42.2	4.05e-51	165
NP_001266289	KAN1674496.1	38.5	1.86e-29	107
NP_001266288	KAN1674496.1	39.7	5.32e-34	119
NP_001266286	KAN1674496.1	37.9	6.61e-39	133
NP_001266285	KAN1674496.1	42.5	8.77e-30	108
NP_001350	KAN1670815.1	27.5	8.88e-17	78.2
NP_001155251	KAN1687050.1	30.8	1.09e-43	162
NP_060914	KAN1687050.1	30.8	7.30e-44	162
NP_001155253	KAN1687050.1	30.8	7.30e-44	162
NP_001155252	KAN1687050.1	30.8	1.09e-43	162
NP_005827	KAN1687232.1	32.0	6.81e-08	48.9
NP_110407	KAN1692466.1	38.6	6.33e-47	159
NP_054797	KAN1686833.1	39.7	2.95e-28	102
NP_000488	KAN1686733.1	23.2	1.71e-14	74.7
NP_000489	KAN1686733.1	23.7	2.52e-17	83.6
NP_443195	KAN1677967.1	43.4	1.38e-161	483
NP_001907	KAN1679113.1	62.1	5.10e-112	328
NP_777582	KAN1690856.1	31.5	1.89e-49	178
NP_001186782	KAN1670940.1	47.2	2.50e-34	119
NP_001186784	KAN1670940.1	47.2	2.50e-34	119
NP_001186781	KAN1670940.1	47.1	5.83e-32	114
NP_001186785	KAN1670940.1	47.2	2.50e-34	119
NP_057366	KAN1670940.1	44.0	4.58e-56	178
NP_000161	KAN1675238.1	53.3	0.0	1014
NP_001155178	KAN1674731.1	53.9	5.04e-14	65.5
NP_001689	KAN1687092.1	50.6	1.09e-71	224
NP_001182751	KAN1685628.1	38.1	5.08e-13	64.3
NP_115679	KAN1690657.1	33.8	2.64e-15	73.9
NP_000746	KAN1670799.1	28.6	3.49e-61	216
NP_001244292	KAN1670799.1	28.7	5.92e-61	215
NP_036335	KAN1675677.1	41.3	1.78e-75	235
NP_219480	KAN1688616.1	24.5	1.86e-13	68.2
NP_000683	KAN1690470.1	52.0	2.50e-168	484
NP_000135	KAN1674731.1	47.9	7.34e-25	95.1
NP_852090	KAN1674731.1	53.9	6.40e-14	65.9
NP_060809	KAN1687454.1	42.9	1.08e-37	126
NP_112202	KAN1674468.1	53.1	2.70e-37	124
NP_056284	KAN1675326.1	24.0	2.30e-13	67.0
NP_001002913	KAN1677419.1	36.3	8.77e-19	79.3
NP_004948	KAN1675191.1	37.9	2.93e-99	310
NP_001275732	KAN1675191.1	35.6	5.98e-86	274
NP_001018088	KAN1675191.1	37.9	5.92e-98	305
NP_443133	KAN1687185.1	38.2	2.02e-47	171
NP_001252543	KAN1687185.1	38.2	3.91e-47	171
NP_001006643	KAN1687185.1	38.2	3.07e-47	171
NP_001006642	KAN1687185.1	38.2	4.06e-47	171
NP_004426	KAN1671142.1	38.8	4.70e-43	149
NP_001267716	KAN1675205.1	34.0	4.22e-29	107
NP_003163	KAN1675205.1	36.0	1.06e-42	145
NP_001269873	KAN1675289.1	31.6	3.47e-48	170
NP_001269875	KAN1675289.1	30.9	1.92e-53	185
NP_055975	KAN1675289.1	32.1	5.55e-74	242
NP_001116080	KAN1671108.1	47.1	2.57e-45	150
NP_005324	KAN1671108.1	47.1	2.57e-45	150
NP_001165462	KAN1671108.1	47.1	2.57e-45	150
NP_001028755	KAN1688503.1	35.1	3.70e-45	162
NP_001032248	KAN1688503.1	32.5	3.23e-45	162
NP_005382	KAN1683166.1	44.7	4.20e-62	205
NP_001135858	KAN1683166.1	44.7	5.38e-62	205
NP_000522	KAN1683139.1	48.4	3.62e-83	256
NP_000889	KAN1688495.1	39.0	3.10e-07	51.6
NP_000023	KAN1687459.1	49.3	7.37e-137	413
NP_001033057	KAN1687459.1	49.5	7.56e-136	410
NP_001033056	KAN1687459.1	49.5	3.44e-136	410
NP_001258628	KAN1685956.1	49.8	2.28e-179	549
NP_001258627	KAN1685956.1	49.2	2.99e-187	570
NP_001258625	KAN1685956.1	49.2	7.11e-187	570
NP_004290	KAN1685956.1	49.2	7.35e-187	570
NP_001258626	KAN1685956.1	49.8	2.21e-179	549
NP_001269127	KAN1677370.1	24.4	1.52e-18	83.6
NP_001269125	KAN1677370.1	24.4	2.52e-18	83.6
NP_001269124	KAN1677370.1	24.4	2.62e-18	83.6
NP_001269126	KAN1677370.1	23.8	1.26e-17	82.0
NP_060666	KAN1685685.1	42.3	7.36e-70	224
NP_001171726	KAN1685685.1	46.7	1.76e-45	159
NP_001627	KAN1675012.1	54.1	2.05e-94	280
NP_001166926	KAN1671770.1	50.8	1.56e-122	359
NP_001166927	KAN1671770.1	47.0	2.10e-107	319
NP_001166925	KAN1671770.1	51.9	6.22e-125	366
NP_000275	KAN1671770.1	51.9	1.63e-125	366
NP_006397	KAN1690860.1	59.3	6.60e-86	254
NP_001182451	KAN1674976.1	51.4	2.81e-30	105
NP_001161419	KAN1677627.1	37.8	6.54e-39	130
NP_005825	KAN1677627.1	50.0	3.43e-47	150
NP_004484	KAN1678874.1	39.1	9.43e-48	158
NP_001032900	KAN1678874.1	37.2	2.86e-40	138
NP_543022	KAN1671733.1	52.2	7.80e-120	362
NP_004076	KAN1674767.1	36.6	5.01e-13	58.2
NP_001143	KAN1675012.1	53.6	1.89e-92	275
NP_660348	KAN1677370.1	29.6	4.50e-34	127
NP_777358	KAN1687177.1	54.3	6.20e-104	310
NP_004126	KAN1687177.1	53.0	2.53e-109	324
NP_000024	KAN1674610.1	43.7	1.35e-184	542
NP_689920	KAN1677827.1	36.1	1.39e-57	187
NP_001600	KAN1692427.1	56.5	2.66e-150	432
NP_055132	KAN1675467.1	43.1	7.22e-60	201
NP_612366	KAN1672287.1	27.8	3.69e-09	56.6
NP_001257609	KAN1672287.1	27.8	2.49e-09	56.6
NP_001257608	KAN1672287.1	29.3	5.52e-07	49.7
NP_116199	KAN1681409.1	49.5	2.22e-100	301
NP_004960	KAN1671870.1	34.9	8.16e-184	564
NP_001159418	KAN1671870.1	36.7	1.27e-67	233
NP_002851	KAN1679187.1	41.8	3.70e-93	298
NP_001017423	KAN1679187.1	41.8	3.55e-93	298
NP_000265	KAN1688424.1	57.7	1.88e-167	478
NP_001165285	KAN1688424.1	57.0	5.22e-117	343
NP_004499	KAN1674973.1	55.5	4.95e-77	233
NP_005165	KAN1671964.1	40.4	2.39e-59	191
NP_001001973	KAN1671964.1	40.4	8.80e-60	192
NP_061176	KAN1682717.1	46.4	1.09e-262	757
NP_054861	KAN1670942.1	38.5	2.43e-32	115
NP_036360	KAN1679048.1	46.3	2.47e-11	58.2
NP_079114	KAN1672114.1	32.2	7.44e-65	224
NP_001240795	KAN1675083.1	40.6	3.98e-104	333
NP_647473	KAN1675083.1	40.6	3.99e-103	333
NP_055078	KAN1675083.1	40.6	9.51e-104	333
NP_060715	KAN1681483.1	49.0	1.34e-306	890
NP_001137469	KAN1681483.1	51.6	1.28e-268	785
NP_001137468	KAN1681483.1	49.9	3.90e-288	841
NP_001073918	KAN1690503.1	33.3	1.95e-163	514
NP_003162	KAN1670852.1	32.0	3.55e-84	282
NP_001171752	KAN1681310.1	36.1	3.29e-57	184
NP_001171712	KAN1681310.1	36.1	2.93e-56	182
NP_003366	KAN1681310.1	36.1	3.29e-57	184
NP_005720	KAN1680857.1	65.4	1.56e-76	226
NP_055209	KAN1675366.1	35.9	1.08e-37	136
NP_112489	KAN1679136.1	42.7	2.89e-75	233
NP_004367	KAN1687512.1	43.5	2.20e-75	240
NP_510870	KAN1687512.1	45.8	2.58e-91	282
NP_054817	KAN1690860.1	60.1	6.63e-80	238
NP_006784	KAN1690860.1	59.4	6.34e-80	238
NP_004083	KAN1677799.1	56.7	6.91e-97	286
NP_612393	KAN1682915.1	29.9	1.68e-28	113
NP_000010	KAN1687302.1	52.7	1.76e-137	398
NP_001743	KAN1690329.1	53.3	1.31e-164	476
NP_003468	KAN1674842.1	40.4	1.51e-98	303
NP_001159630	KAN1674842.1	50.3	1.04e-45	158
NP_001128496	KAN1674842.1	40.4	1.90e-98	302
NP_060311	KAN1682803.1	49.5	4.18e-26	96.3
NP_001265180	KAN1675038.1	30.5	4.74e-12	63.5
NP_872362	KAN1675114.1	32.6	2.14e-45	154
NP_001265179	KAN1678542.1	30.1	2.20e-25	99.4
NP_001070709	KAN1675038.1	30.5	4.74e-12	63.5
NP_001035806	KAN1679063.1	54.0	0.0	1225
NP_000911	KAN1679063.1	54.0	0.0	1225
NP_001867	KAN1685465.1	29.1	3.71e-47	176
NP_001027017	KAN1685465.1	29.1	3.20e-47	176
NP_001245323	KAN1678413.1	34.9	7.92e-49	182
NP_001245322	KAN1678413.1	34.9	6.49e-49	182
NP_001245321	KAN1678413.1	34.9	9.72e-49	182
NP_110440	KAN1678413.1	34.9	1.42e-48	182
NP_078954	KAN1675496.1	36.2	9.19e-89	279
NP_001230180	KAN1675496.1	36.7	5.12e-50	170
NP_001014811	KAN1682998.1	40.5	7.58e-127	383
NP_006671	KAN1682998.1	40.5	7.58e-127	383
NP_001155058	KAN1682998.1	40.5	7.58e-127	383
NP_036371	KAN1681106.1	50.4	5.51e-82	254
NP_001017524	KAN1681106.1	52.3	1.62e-81	248
NP_001177990	KAN1675319.1	35.0	7.70e-29	115
NP_001177989	KAN1675319.1	35.0	7.70e-29	115
NP_078974	KAN1675319.1	35.0	7.70e-29	115
NP_001091990	KAN1678644.1	34.7	6.37e-22	94.0
NP_001091991	KAN1678644.1	34.7	2.88e-22	94.0
NP_006401	KAN1678644.1	34.7	2.88e-22	94.0
NP_001091993	KAN1678644.1	38.8	1.09e-09	53.9
NP_001091992	KAN1678644.1	34.7	2.88e-22	94.0
NP_115981	KAN1687345.1	23.3	4.52e-10	60.5
NP_001120691	KAN1687345.1	23.3	4.52e-10	60.5
NP_783859	KAN1671252.1	31.2	3.75e-08	50.1
NP_004542	KAN1674701.1	52.2	5.87e-79	238
NP_036226	KAN1690181.1	42.0	4.02e-28	103
NP_001186674	KAN1692445.1	51.1	1.83e-48	152
NP_001658	KAN1692445.1	62.6	5.21e-67	201
NP_733935	KAN1687381.1	52.9	6.99e-47	149
NP_733934	KAN1687381.1	53.0	5.70e-37	123
NP_057134	KAN1687381.1	52.9	1.03e-46	149
NP_071504	KAN1679063.1	54.0	0.0	1225
NP_001159574	KAN1672228.1	72.6	1.39e-246	680
NP_009034	KAN1672228.1	72.6	1.70e-247	683
NP_001230679	KAN1685661.1	40.5	4.57e-15	71.6
NP_862826	KAN1685661.1	45.6	4.03e-14	66.2
NP_002487	KAN1687042.1	70.2	4.84e-59	184
NP_003347	KAN1677370.1	26.5	2.58e-14	71.6
NP_073714	KAN1677370.1	26.5	1.56e-14	71.6
NP_003346	KAN1681580.1	25.6	8.16e-15	72.0
NP_001138341	KAN1674560.1	35.1	9.74e-30	110
NP_001922	KAN1674842.1	49.3	1.79e-124	375
NP_056338	KAN1678031.1	47.2	4.61e-48	156
NP_001138299	KAN1678184.1	29.9	1.01e-12	67.8
NP_116184	KAN1688639.1	30.3	4.67e-12	64.3
NP_055199	KAN1692427.1	32.0	4.29e-56	189
NP_689482	KAN1671727.1	58.1	3.05e-17	74.7
NP_001137377	KAN1671727.1	58.1	3.05e-17	74.7
NP_001181924	KAN1671727.1	58.1	3.05e-17	74.7
NP_001138303	KAN1681030.1	50.6	7.67e-87	261
NP_001254629	KAN1681030.1	43.9	7.03e-69	214
NP_001073923	KAN1672304.1	29.0	2.39e-50	183
NP_005155	KAN1674610.1	44.0	8.89e-190	555
NP_001180389	KAN1679048.1	43.3	1.87e-12	61.2
NP_001180390	KAN1679048.1	43.3	1.87e-12	61.2
NP_932346	KAN1679048.1	44.6	4.19e-12	60.5
NP_001026849	KAN1679048.1	43.3	1.87e-12	61.2
NP_078836	KAN1672304.1	35.2	1.64e-114	357
NP_001087240	KAN1671005.1	36.3	1.57e-86	277
NP_001248375	KAN1671005.1	35.7	2.08e-75	243
NP_001248374	KAN1671005.1	36.3	1.18e-87	277
NP_877393	KAN1671005.1	36.3	1.02e-88	278
NP_877419	KAN1671005.1	36.3	1.02e-88	278
NP_877420	KAN1671005.1	36.3	1.02e-88	278
NP_003321	KAN1671005.1	36.3	1.24e-87	277
NP_644812	KAN1671602.1	35.4	2.49e-39	142
NP_079235	KAN1685751.1	47.3	9.13e-26	111
NP_004993	KAN1681377.1	41.0	3.16e-64	209
NP_002291	KAN1691107.1	31.4	3.09e-45	156
NP_001167568	KAN1691107.1	31.4	3.09e-45	156
NP_036192	KAN1678547.1	43.2	5.53e-192	564
NP_036193	KAN1678547.1	42.4	6.47e-195	571
NP_005681	KAN1678547.1	43.1	8.91e-195	570
NP_001265392	KAN1678547.1	43.5	3.05e-191	562
NP_001265395	KAN1678547.1	35.3	1.51e-82	272
NP_001265394	KAN1678547.1	43.1	2.10e-189	558
NP_001265393	KAN1678547.1	42.7	3.80e-190	560
NP_001035526	KAN1677972.1	38.5	2.07e-93	290
NP_067653	KAN1674934.1	52.5	1.58e-110	325
NP_000447	KAN1685637.1	39.1	9.90e-71	230
NP_001027558	KAN1685637.1	39.1	9.90e-71	230
NP_001027559	KAN1685637.1	39.1	9.90e-71	230
NP_004068	KAN1685652.1	64.9	1.90e-215	600
NP_001677	KAN1671502.1	81.0	8.03e-267	736
NP_005403	KAN1692714.1	53.8	2.27e-167	480
NP_001159831	KAN1692714.1	53.8	1.07e-167	480
NP_001159830	KAN1692714.1	53.8	1.07e-167	480
NP_001159828	KAN1692714.1	52.7	2.55e-161	464
NP_001159829	KAN1692714.1	53.8	1.07e-167	480
NP_000776	KAN1690480.1	31.9	1.03e-17	84.7
NP_150592	KAN1685962.1	42.0	3.15e-35	122
NP_998776	KAN1679012.1	51.9	1.64e-89	270
NP_002626	KAN1679012.1	51.9	1.64e-89	270
NP_005879	KAN1679012.1	50.9	1.09e-87	266
NP_001029345	KAN1690481.1	46.0	1.02e-144	437
NP_055116	KAN1687398.1	75.8	5.61e-61	184
NP_998760	KAN1687398.1	76.2	8.22e-65	195
NP_116052	KAN1692763.1	31.0	2.15e-11	65.5
NP_003353	KAN1671008.1	44.5	5.52e-61	196
NP_550433	KAN1671008.1	44.5	7.34e-61	196
NP_001084	KAN1678866.1	46.6	0.0	1897
NP_079523	KAN1687443.1	52.6	3.35e-125	389
NP_001130010	KAN1687443.1	52.6	6.29e-125	389
NP_000681	KAN1690471.1	52.1	4.89e-171	491
NP_001191818	KAN1690471.1	52.8	1.83e-153	444
NP_036372	KAN1678733.1	33.1	1.07e-16	76.3
NP_115690	KAN1681440.1	45.6	2.93e-70	219
NP_000008	KAN1692427.1	40.8	5.39e-81	254
NP_079491	KAN1678811.1	28.8	2.95e-44	161
NP_001002020	KAN1678811.1	28.8	1.55e-44	161
NP_001002019	KAN1678811.1	28.8	1.55e-44	161
NP_005923	KAN1675230.1	35.9	3.85e-114	361
NP_004285	KAN1679030.1	29.0	2.11e-17	81.3
NP_055873	KAN1672207.1	27.9	2.13e-191	614
NP_001009814	KAN1672207.1	35.7	1.73e-168	530
NP_037370	KAN1685848.1	42.6	1.07e-21	87.8
NP_996531	KAN1681319.1	33.5	8.67e-45	154
NP_001171475	KAN1675523.1	39.0	4.35e-139	442
NP_000273	KAN1675523.1	39.8	2.67e-148	469
NP_001121164	KAN1675523.1	40.0	6.14e-148	467
NP_060680	KAN1678739.1	44.5	6.65e-68	217
NP_001229812	KAN1678739.1	38.0	1.15e-44	151
NP_001229811	KAN1678739.1	42.3	5.66e-80	246
NP_001229810	KAN1678739.1	42.3	1.03e-79	246
NP_055067	KAN1678293.1	33.7	1.03e-42	147
NP_001273736	KAN1677370.1	27.6	3.89e-13	66.2
NP_001273735	KAN1677370.1	27.6	6.10e-13	66.2
NP_001010875	KAN1677370.1	26.7	1.10e-24	100
NP_003841	KAN1674698.1	56.4	1.81e-151	436
NP_078813	KAN1677314.1	43.0	6.19e-70	238
NP_001188503	KAN1678920.1	42.5	3.52e-28	102
NP_001188502	KAN1690466.1	40.4	5.97e-55	176
NP_079428	KAN1690466.1	40.9	5.90e-55	179
NP_085134	KAN1688671.1	40.6	9.24e-60	191
NP_001164641	KAN1688671.1	39.8	6.34e-60	192
NP_001924	KAN1683007.1	47.2	4.19e-106	320
NP_065154	KAN1677988.1	39.4	1.13e-57	198
NP_004854	KAN1671915.1	44.9	2.22e-154	456
NP_001136017	KAN1677988.1	42.0	2.42e-56	193
NP_997000	KAN1671379.1	25.6	3.68e-18	84.0
NP_005006	KAN1688464.1	28.3	8.95e-26	109
NP_005785	KAN1671545.1	33.3	2.74e-12	62.0
NP_878912	KAN1690237.1	30.2	1.42e-11	62.8
NP_066284	KAN1681539.1	32.4	4.40e-34	123
NP_001269920	KAN1693021.1	50.0	5.09e-09	52.4
NP_001269919	KAN1693021.1	48.9	1.31e-09	55.1
NP_001269918	KAN1693021.1	48.9	3.99e-09	53.5
NP_001269917	KAN1671545.1	35.3	1.05e-21	86.7
NP_001269916	KAN1681577.1	34.3	2.80e-07	47.8
NP_001129522	KAN1688860.1	30.1	2.68e-11	61.6
NP_612461	KAN1688860.1	30.1	2.68e-11	61.6
NP_065861	KAN1675319.1	34.9	2.86e-65	228
NP_001163	KAN1671521.1	44.8	3.10e-84	258
NP_001180289	KAN1679184.1	31.6	9.09e-08	54.3
NP_001180292	KAN1679184.1	31.6	9.09e-08	54.3
NP_001180291	KAN1679184.1	31.6	9.09e-08	54.3
NP_001180290	KAN1679184.1	31.6	9.09e-08	54.3
NP_872282	KAN1678892.1	31.7	5.62e-50	181
NP_872286	KAN1678892.1	31.7	3.14e-50	181
NP_005580	KAN1675075.1	60.0	2.25e-206	582
NP_001265523	KAN1675075.1	63.0	3.80e-164	469
NP_001265522	KAN1675075.1	58.7	2.15e-198	561
NP_001231812	KAN1674379.1	31.5	9.29e-06	43.5
NP_057501	KAN1678873.1	65.6	2.62e-40	132
NP_001034444	KAN1677216.1	37.5	5.55e-49	164
NP_001121188	KAN1677600.1	53.8	3.58e-84	255
NP_000117	KAN1677600.1	51.9	7.42e-89	269
NP_002216	KAN1671538.1	59.7	1.02e-170	484
NP_001152980	KAN1671538.1	61.3	7.88e-160	456
NP_067022	KAN1671625.1	39.7	6.33e-105	318
NP_001258142	KAN1671625.1	39.7	6.33e-105	318
NP_149972	KAN1691107.1	31.8	3.72e-45	157
NP_640335	KAN1683083.1	26.0	3.29e-15	75.1
NP_006651	KAN1687484.1	44.3	1.12e-78	255
NP_001093243	KAN1688713.1	26.9	4.92e-16	77.8
NP_000772	KAN1688713.1	23.4	5.79e-16	79.0
NP_004246	KAN1675667.1	38.5	2.61e-23	87.8
NP_005521	KAN1687153.1	62.8	2.87e-146	418
NP_002684	KAN1685948.1	36.0	1.02e-221	675
NP_001119603	KAN1685948.1	36.0	1.02e-221	675
NP_002159	KAN1672164.1	64.6	8.01e-197	551
NP_001276839	KAN1672164.1	64.8	2.83e-193	540
NP_001028260	KAN1682906.1	47.2	2.60e-08	51.6
NP_002519	KAN1677423.1	46.9	8.28e-58	188
NP_004994	KAN1674876.1	48.3	5.02e-22	84.3
NP_597700	KAN1672177.1	43.1	3.52e-129	384
NP_001135938	KAN1672177.1	43.3	2.42e-116	347
NP_085056	KAN1686925.1	47.0	1.44e-21	84.3
NP_001273368	KAN1671197.1	47.6	3.54e-32	110
NP_005000	KAN1671197.1	50.7	6.40e-49	155
NP_001273369	KAN1671197.1	47.6	3.54e-32	110
NP_001273367	KAN1671197.1	47.6	3.54e-32	110
NP_001273362	KAN1671197.1	60.0	1.42e-10	55.5
NP_001273364	KAN1671197.1	52.7	1.06e-38	129
NP_001273365	KAN1671197.1	47.6	3.54e-32	110
NP_620124	KAN1680972.1	43.8	1.32e-147	441
NP_002504	KAN1671197.1	60.3	8.03e-60	182
NP_001135870	KAN1671818.1	43.1	1.54e-58	184
NP_112485	KAN1671818.1	43.1	1.43e-58	184
NP_001273178	KAN1671101.1	35.8	9.65e-18	79.0
NP_005317	KAN1671101.1	44.3	1.60e-61	196
NP_001035517	KAN1671101.1	44.3	4.69e-62	195
NP_001018114	KAN1671818.1	42.0	8.20e-59	186
NP_001171500	KAN1685727.1	24.5	4.66e-06	45.8
NP_001910	KAN1685727.1	27.2	6.48e-11	60.5
NP_057376	KAN1671699.1	29.5	2.27e-93	303
NP_001258978	KAN1671699.1	29.5	5.67e-95	306
NP_001128582	KAN1674671.1	34.5	2.02e-49	173
NP_005138	KAN1674671.1	34.5	5.05e-49	173
NP_001273445	KAN1674671.1	31.7	1.86e-33	126
NP_001177912	KAN1671272.1	51.4	9.36e-52	164
NP_057222	KAN1671272.1	51.4	3.58e-51	164
NP_001010845	KAN1681146.1	28.2	2.77e-19	87.0
NP_443188	KAN1672304.1	28.9	6.31e-45	167
NP_003357	KAN1681483.1	24.1	2.41e-26	111
NP_001077083	KAN1674318.1	36.9	5.46e-81	258
NP_003312	KAN1674890.1	56.9	6.88e-167	476
NP_001258855	KAN1687137.1	36.5	6.77e-36	132
NP_001116429	KAN1687137.1	36.9	1.04e-45	159
NP_005872	KAN1671243.1	32.1	2.55e-56	197
NP_002071	KAN1674910.1	61.2	4.45e-180	508
NP_001273149	KAN1674910.1	55.1	4.85e-156	445
NP_065837	KAN1687050.1	31.5	4.20e-48	173
NP_060850	KAN1671779.1	31.1	7.53e-46	166
NP_001352	KAN1678855.1	48.9	6.52e-102	310
NP_705690	KAN1682623.1	37.9	1.37e-92	291
NP_919417	KAN1682623.1	39.7	7.36e-96	299
NP_005539	KAN1682699.1	57.8	1.72e-210	598
NP_001123561	KAN1682699.1	57.8	4.69e-210	598
NP_004474	KAN1674891.1	47.9	5.50e-36	121
NP_001139523	KAN1677821.1	25.2	5.31e-21	89.7
NP_113651	KAN1677821.1	33.5	5.25e-40	142
NP_001230208	KAN1677481.1	28.8	5.43e-28	117
NP_001120686	KAN1677481.1	28.8	5.43e-28	117
NP_777577	KAN1677481.1	28.8	5.43e-28	117
NP_003110	KAN1675083.1	45.2	4.66e-167	501
NP_955399	KAN1675083.1	43.6	5.75e-61	212
NP_942133	KAN1678866.1	46.3	0.0	1880
NP_942135	KAN1678866.1	46.3	0.0	1880
NP_942134	KAN1678866.1	46.3	0.0	1880
NP_942131	KAN1678866.1	46.3	0.0	1880
NP_942136	KAN1678866.1	46.3	0.0	1880
NP_001294	KAN1685646.1	39.4	2.01e-57	190
NP_001275687	KAN1680972.1	42.9	1.88e-121	370
NP_001275684	KAN1680972.1	43.3	2.31e-142	427
NP_001275683	KAN1680972.1	42.1	1.52e-152	455
NP_060777	KAN1680972.1	43.0	8.46e-152	452
NP_001028738	KAN1680972.1	42.8	8.04e-152	454
NP_001028739	KAN1680972.1	44.2	1.02e-120	367
NP_001028740	KAN1680972.1	42.3	1.11e-151	454
NP_001157207	KAN1671201.1	33.6	6.47e-114	383
NP_079385	KAN1675302.1	38.0	5.63e-71	252
NP_068758	KAN1677353.1	38.6	3.55e-24	97.4
NP_525022	KAN1675569.1	24.6	2.30e-52	202
NP_001119594	KAN1677827.1	21.6	3.99e-22	93.6
NP_068380	KAN1677827.1	21.6	3.99e-22	93.6
NP_001119593	KAN1677827.1	21.6	3.99e-22	93.6
NP_077733	KAN1671822.1	35.2	3.25e-66	221
NP_001158890	KAN1674568.1	36.4	3.24e-35	125
NP_001158889	KAN1674568.1	36.5	1.32e-43	149
NP_003553	KAN1674568.1	36.4	4.57e-44	150
NP_001257377	KAN1678068.1	31.6	2.16e-36	141
NP_000009	KAN1678068.1	31.6	4.32e-36	141
NP_001257376	KAN1678068.1	31.6	5.08e-36	141
NP_001029031	KAN1678068.1	31.6	3.63e-36	141
NP_958928	KAN1675298.1	38.6	1.16e-43	150
NP_004580	KAN1692494.1	43.8	4.13e-53	173
NP_001159434	KAN1681385.1	30.0	5.92e-53	197
NP_060597	KAN1681385.1	29.6	2.79e-53	199
NP_776065	KAN1681385.1	29.7	3.90e-52	195
NP_004609	KAN1677335.1	34.3	5.05e-153	477
NP_000373	KAN1682704.1	45.0	1.08e-127	380
NP_001026976	KAN1682704.1	45.0	3.30e-127	379
NP_056325	KAN1690238.1	29.4	7.62e-22	92.4
NP_002302	KAN1674977.1	30.3	1.43e-47	181
NP_039269	KAN1674977.1	30.3	1.81e-47	181
NP_001028752	KAN1671201.1	38.5	1.17e-49	176
NP_942127	KAN1685681.1	54.6	0.0	1202
NP_001087	KAN1685681.1	54.7	0.0	1201
NP_057100	KAN1674915.1	37.7	7.23e-57	187
NP_001137252	KAN1674915.1	37.4	9.92e-56	184
NP_002625	KAN1674750.1	54.1	9.03e-92	271
NP_001268425	KAN1674750.1	54.1	9.03e-92	271
NP_001268644	KAN1674750.1	54.1	9.03e-92	271
NP_001268426	KAN1674750.1	57.9	1.89e-48	156
NP_002602	KAN1683166.1	43.2	1.90e-59	198
NP_001186829	KAN1671243.1	26.4	1.28e-06	47.0
NP_001186828	KAN1683166.1	43.2	3.02e-60	198
NP_001186827	KAN1683166.1	43.2	3.02e-60	198
NP_001275898	KAN1692646.1	29.3	4.73e-68	231
NP_001275899	KAN1692646.1	30.0	8.99e-62	213
NP_001275897	KAN1692646.1	30.6	2.57e-77	257
NP_079425	KAN1692646.1	30.6	1.43e-77	257
NP_001275901	KAN1692646.1	29.5	1.52e-58	201
NP_001275900	KAN1692646.1	29.5	1.52e-58	201
NP_001156334	KAN1685464.1	42.9	2.97e-22	89.7
NP_001156333	KAN1685464.1	42.9	2.90e-22	89.7
NP_004366	KAN1685464.1	46.8	3.08e-45	150
NP_001185642	KAN1675053.1	48.3	1.03e-110	335
NP_536341	KAN1675053.1	48.3	7.20e-111	335
NP_536340	KAN1675053.1	59.9	1.35e-53	180
NP_001243711	KAN1675053.1	48.3	2.17e-110	335
NP_004565	KAN1675053.1	48.3	1.34e-110	335
NP_001243751	KAN1675053.1	46.4	3.66e-97	295
NP_057161	KAN1674720.1	52.6	7.59e-37	125
NP_004101	KAN1671317.1	33.1	1.69e-65	218
NP_001244944	KAN1671317.1	31.3	1.09e-57	196
NP_001244943	KAN1671317.1	33.1	2.45e-64	214
NP_077728	KAN1671317.1	33.5	4.71e-68	224
NP_001244945	KAN1671317.1	33.4	8.72e-63	209
NP_001244941	KAN1671317.1	31.5	4.67e-62	209
NP_001244942	KAN1671317.1	33.5	2.83e-67	223
NP_001257882	KAN1674568.1	42.4	4.10e-30	115
NP_036272	KAN1674568.1	40.4	1.45e-48	161
NP_001257817	KAN1674568.1	39.0	4.15e-47	157
NP_008838	KAN1671705.1	41.2	4.10e-45	154
NP_722546	KAN1671705.1	41.2	3.78e-45	154
NP_001269210	KAN1671705.1	41.2	8.41e-45	154
NP_001269209	KAN1671705.1	41.2	4.10e-45	154
NP_004095	KAN1690907.1	26.7	2.49e-13	75.1
NP_057370	KAN1693022.1	27.2	6.12e-07	47.0
NP_060500	KAN1674752.1	36.5	2.37e-70	237
NP_001229437	KAN1674752.1	36.5	7.61e-69	237
NP_542164	KAN1674752.1	36.5	5.15e-66	237
NP_006102	KAN1687302.1	38.4	7.75e-75	236
NP_066552	KAN1671333.1	58.7	1.17e-87	259
NP_006787	KAN1675083.1	60.6	4.13e-236	678
NP_001029344	KAN1688616.1	23.4	1.06e-11	63.2
NP_004037	KAN1679052.1	72.6	6.42e-270	745
NP_001001935	KAN1679052.1	75.0	7.25e-268	738
NP_001244264	KAN1679052.1	75.0	7.25e-268	738
NP_001244263	KAN1679052.1	69.1	2.78e-251	697
NP_001001937	KAN1679052.1	72.6	6.42e-270	745
NP_001161807	KAN1682998.1	43.5	9.49e-120	360
NP_002387	KAN1682998.1	42.5	2.30e-132	396
NP_000131	KAN1678003.1	57.5	3.54e-137	397
NP_001012533	KAN1678003.1	57.5	4.39e-137	397
NP_001139443	KAN1678273.1	36.4	2.52e-44	153
NP_612421	KAN1678273.1	37.7	5.08e-34	124
NP_006342	KAN1679216.1	29.0	3.74e-47	171
NP_001389	KAN1690472.1	49.8	3.28e-64	203
NP_001001563	KAN1678276.1	31.5	1.29e-36	139
NP_689572	KAN1690858.1	29.4	4.96e-54	196
NP_001186682	KAN1690858.1	29.4	4.96e-54	196
NP_001129524	KAN1690858.1	29.1	9.90e-53	192
NP_001186681	KAN1690858.1	29.4	4.96e-54	196
NP_001129674	KAN1687285.1	46.4	5.41e-14	63.9
NP_001129673	KAN1687285.1	45.3	4.46e-28	102
NP_078986	KAN1687285.1	40.3	9.80e-24	92.0
NP_005026	KAN1688599.1	40.4	1.06e-143	468
NP_001034936	KAN1685795.1	41.0	6.97e-25	95.1
NP_002076	KAN1685795.1	41.5	5.29e-33	115
NP_001034937	KAN1685795.1	41.5	1.13e-32	115
NP_077718	KAN1678011.1	72.3	2.25e-93	272
NP_036590	KAN1685643.1	50.0	2.63e-24	87.0
NP_004784	KAN1685893.1	42.8	9.46e-130	405
NP_001263409	KAN1685893.1	55.3	2.09e-115	362
NP_001263408	KAN1685893.1	42.8	1.97e-130	405
NP_006003	KAN1674484.1	53.7	7.40e-67	205
NP_077008	KAN1687185.1	32.5	9.59e-55	191
NP_775908	KAN1687185.1	36.1	3.30e-40	149
NP_112486	KAN1677977.1	52.5	9.37e-142	409
NP_005800	KAN1690860.1	64.9	3.21e-89	259
NP_000150	KAN1678068.1	60.2	1.30e-159	459
NP_039663	KAN1678068.1	59.1	1.61e-147	428
NP_060192	KAN1671560.1	39.9	1.93e-116	358
NP_001129507	KAN1671560.1	39.9	1.93e-116	358
NP_001136026	KAN1671560.1	37.8	1.94e-107	334
NP_002721	KAN1671111.1	53.4	2.29e-109	326
NP_997401	KAN1671111.1	53.4	1.72e-109	326
NP_001182351	KAN1692420.1	37.9	2.95e-96	301
NP_116009	KAN1692420.1	37.9	3.00e-96	300
NP_598399	KAN1692420.1	35.8	6.13e-91	287
NP_001122327	KAN1692420.1	36.6	1.95e-90	284
NP_848621	KAN1677827.1	36.8	3.01e-43	150
NP_005994	KAN1674646.1	46.7	1.04e-74	228
NP_001099040	KAN1671518.1	27.6	2.74e-07	51.2
NP_001854	KAN1685640.1	49.4	4.34e-28	95.9
NP_067055	KAN1674238.1	48.0	4.49e-08	54.7
NP_060297	KAN1675183.1	34.7	1.80e-78	252
NP_203526	KAN1681381.1	50.0	6.11e-27	97.8
NP_203527	KAN1681381.1	50.0	6.11e-27	97.8
NP_066930	KAN1681381.1	50.0	6.11e-27	97.8
NP_001139373	KAN1675183.1	35.2	2.87e-77	249
NP_079152	KAN1688664.1	42.1	1.43e-104	327
NP_001136027	KAN1688664.1	41.8	5.43e-88	282
NP_001158255	KAN1681300.1	53.9	1.25e-131	385
NP_000700	KAN1681300.1	53.9	1.41e-133	390
NP_001075031	KAN1687139.1	38.9	1.13e-83	269
NP_001275693	KAN1687139.1	38.4	8.94e-83	268
NP_004400	KAN1687139.1	38.4	4.81e-83	268
NP_001275695	KAN1687139.1	38.9	9.46e-85	269
NP_001275694	KAN1687139.1	37.5	5.87e-72	236
NP_001075032	KAN1687139.1	38.4	6.12e-83	268
NP_001075029	KAN1687139.1	38.9	1.10e-83	269
NP_064511	KAN1671554.1	34.7	7.24e-26	112
NP_001191088	KAN1671554.1	34.7	7.24e-26	112
NP_001191089	KAN1671554.1	34.7	5.94e-26	112
NP_001191087	KAN1671554.1	34.7	5.13e-26	112
NP_001230805	KAN1671554.1	33.3	1.86e-20	93.2
NP_001271254	KAN1674748.1	49.3	9.00e-114	336
NP_001181	KAN1674748.1	47.4	1.31e-113	337
NP_001158245	KAN1674748.1	48.4	4.49e-91	276
NP_001976	KAN1688264.1	58.2	2.04e-92	272
NP_001014763	KAN1688264.1	57.2	9.23e-84	253
NP_001239604	KAN1672304.1	53.8	1.10e-223	638
NP_115890	KAN1672304.1	54.1	5.55e-227	646
NP_001239606	KAN1672304.1	56.1	6.18e-188	542
NP_060714	KAN1677829.1	23.6	3.88e-06	46.6
NP_008830	KAN1687177.1	53.0	2.59e-112	332
NP_777280	KAN1687177.1	53.0	2.42e-112	332
NP_001245313	KAN1687177.1	51.7	8.70e-103	307
NP_705904	KAN1675385.1	42.1	6.29e-56	186
NP_705902	KAN1675385.1	37.8	1.42e-54	191
NP_079236	KAN1675385.1	42.1	6.29e-56	186
NP_077025	KAN1686915.1	50.9	3.19e-95	284
NP_001034464	KAN1686915.1	47.4	1.81e-84	256
NP_001239605	KAN1672304.1	55.0	1.39e-200	574
NP_899634	KAN1674704.1	47.8	5.10e-10	51.6
NP_009169	KAN1674704.1	39.1	1.83e-45	149
NP_066923	KAN1671513.1	71.5	1.07e-214	598
NP_001185918	KAN1671513.1	62.5	3.80e-175	496
NP_001122387	KAN1681503.1	23.1	1.83e-15	77.4
NP_000773	KAN1678187.1	24.1	1.58e-23	102
NP_056481	KAN1672120.1	50.0	3.36e-20	92.0
NP_059142	KAN1672067.1	25.2	2.99e-17	81.6
NP_542984	KAN1672067.1	25.2	3.67e-17	81.6
NP_000445	KAN1681024.1	56.3	1.29e-55	172
NP_001688	KAN1677645.1	37.8	3.66e-33	117
NP_001269441	KAN1671005.1	33.7	1.34e-36	136
NP_006431	KAN1671005.1	36.4	3.22e-83	265
NP_071381	KAN1694041.1	35.2	1.74e-71	234
NP_060299	KAN1677858.1	31.7	5.36e-23	94.7
NP_149061	KAN1677858.1	31.7	7.24e-23	94.7
NP_113669	KAN1675319.1	36.9	1.41e-29	117
NP_057419	KAN1674238.1	23.8	2.00e-21	97.4
NP_001182155	KAN1674238.1	23.6	2.27e-18	87.0
NP_001243463	KAN1688616.1	41.9	2.15e-72	224
NP_005975	KAN1688616.1	41.1	1.50e-73	227
NP_001274316	KAN1688616.1	42.9	2.27e-55	176
NP_003625	KAN1675326.1	37.0	4.90e-48	160
NP_001189431	KAN1675326.1	37.0	2.65e-48	160
NP_055153	KAN1674406.1	34.9	1.70e-67	220
NP_036605	KAN1675584.1	41.0	1.09e-16	70.5
NP_001089	KAN1692424.1	71.7	0.0	1097
NP_002481	KAN1688398.1	38.2	1.44e-19	78.2
NP_001123291	KAN1674786.1	43.8	6.47e-66	208
NP_000389	KAN1674786.1	43.8	1.39e-65	208
NP_001165131	KAN1674786.1	43.8	4.00e-65	208
NP_001165132	KAN1674786.1	43.8	6.47e-66	208
NP_015565	KAN1674786.1	43.8	6.47e-66	208
NP_060476	KAN1671782.1	37.6	1.07e-83	261
NP_001269714	KAN1671782.1	38.0	1.29e-74	236
NP_001269711	KAN1671782.1	34.8	2.55e-47	163
NP_113642	KAN1685333.1	31.6	5.24e-64	224
NP_001162580	KAN1692494.1	39.1	5.61e-39	135
NP_001162582	KAN1692494.1	39.1	5.61e-39	135
NP_001162581	KAN1692494.1	39.1	5.61e-39	135
NP_005129	KAN1692494.1	39.1	5.61e-39	135
NP_001138606	KAN1685465.1	27.7	1.17e-39	154
NP_004368	KAN1690858.1	28.9	1.24e-53	195
NP_689452	KAN1690858.1	28.9	1.24e-53	195
NP_001138607	KAN1690858.1	28.9	1.24e-53	195
NP_689451	KAN1690858.1	28.9	1.24e-53	195
NP_001138609	KAN1690858.1	28.9	1.24e-53	195
NP_001138608	KAN1685465.1	33.8	1.36e-29	123
