KAN1670719.1	NP_060914	32.1	1.65e-27	112
KAN1670721.1	NP_057128	38.1	1.00e-47	159
KAN1670723.1	NP_001265394	21.8	3.15e-22	98.2
KAN1670738.1	NP_060914	35.5	2.24e-37	137
KAN1670755.1	NP_000405	31.7	5.76e-14	70.1
KAN1670760.1	NP_997401	30.2	7.86e-19	81.3
KAN1670799.1	NP_001244292	28.5	4.61e-63	219
KAN1670815.1	NP_066284	29.5	1.41e-21	88.2
KAN1670821.1	NP_056651	39.4	3.26e-63	199
KAN1670852.1	NP_003162	34.0	1.24e-83	278
KAN1670880.1	NP_597700	43.4	3.99e-131	386
KAN1670904.1	NP_004319	32.7	1.64e-51	179
KAN1670908.1	NP_001269222	28.9	3.43e-07	50.1
KAN1670929.1	NP_057111	36.8	1.15e-57	185
KAN1670940.1	NP_037543	58.3	1.90e-96	279
KAN1670942.1	NP_054861	38.5	3.03e-30	107
KAN1670962.1	NP_543022	33.0	9.09e-07	46.2
KAN1670967.1	NP_001275695	30.5	1.69e-08	51.6
KAN1670974.1	NP_001128496	40.5	7.29e-29	110
KAN1670996.1	NP_001265394	42.4	3.53e-184	539
KAN1671005.1	NP_000628	54.1	1.82e-162	466
KAN1671008.1	NP_003353	44.4	1.03e-59	190
KAN1671010.1	NP_919417	38.0	1.47e-91	286
KAN1671022.1	NP_003680	26.5	5.24e-17	77.4
KAN1671034.1	NP_003680	25.5	6.48e-12	62.0
KAN1671035.1	NP_000427	51.5	9.40e-168	481
KAN1671049.1	NP_002444	42.3	3.18e-124	385
KAN1671066.1	NP_001139443	35.9	1.59e-33	120
KAN1671069.1	NP_116119	26.1	7.47e-23	95.1
KAN1671070.1	NP_116119	30.5	7.00e-30	114
KAN1671094.1	NP_001192176	41.0	7.26e-138	417
KAN1671099.1	NP_116119	27.1	1.22e-24	100
KAN1671101.1	NP_001035517	42.3	7.11e-63	195
KAN1671108.1	NP_001116080	47.1	4.16e-46	150
KAN1671111.1	NP_997401	53.4	3.57e-112	331
KAN1671130.1	NP_689953	41.1	1.54e-62	198
KAN1671142.1	NP_004426	38.8	3.46e-46	155
KAN1671154.1	NP_002387	33.4	2.78e-104	323
KAN1671155.1	NP_001139443	30.6	1.90e-29	112
KAN1671162.1	NP_060867	29.7	1.03e-53	188
KAN1671171.1	NP_054894	33.5	1.08e-23	93.2
KAN1671192.1	NP_060116	32.8	1.22e-55	189
KAN1671197.1	NP_002504	53.0	1.38e-61	184
KAN1671201.1	NP_001157207	33.6	9.93e-114	381
KAN1671212.1	NP_001128582	28.2	2.26e-30	117
KAN1671213.1	NP_064587	56.5	9.78e-106	306
KAN1671224.1	NP_006787	38.0	2.62e-42	163
KAN1671238.1	NP_005754	36.3	1.50e-81	275
KAN1671243.1	NP_005872	32.3	1.98e-56	196
KAN1671252.1	NP_783859	31.2	1.65e-08	48.5
KAN1671268.1	NP_001275695	26.5	4.68e-11	60.5
KAN1671272.1	NP_001177912	51.4	1.35e-51	162
KAN1671300.1	NP_005680	26.7	8.36e-21	95.5
KAN1671301.1	NP_005680	28.2	4.44e-12	66.2
KAN1671310.1	NP_004125	46.8	1.16e-170	498
KAN1671317.1	NP_077728	33.5	4.97e-60	201
KAN1671325.1	NP_065796	38.3	6.89e-197	588
KAN1671331.1	NP_003680	43.4	2.49e-81	248
KAN1671333.1	NP_066552	58.7	5.68e-89	260
KAN1671360.1	NP_057366	36.4	2.23e-52	176
KAN1671367.1	NP_036475	51.7	0.0	946
KAN1671379.1	NP_997000	25.6	2.66e-18	83.6
KAN1671380.1	NP_009139	45.0	1.21e-52	173
KAN1671398.1	NP_002533	39.7	6.47e-61	196
KAN1671401.1	NP_004319	49.4	6.88e-133	386
KAN1671450.1	NP_001653	43.1	3.49e-30	105
KAN1671476.1	NP_068746	51.8	3.70e-202	577
KAN1671502.1	NP_001677	81.0	4.00e-268	737
KAN1671510.1	NP_055177	39.9	3.25e-75	238
KAN1671513.1	NP_066923	71.5	5.50e-216	600
KAN1671518.1	NP_001099040	27.6	1.45e-08	53.1
KAN1671521.1	NP_001163	44.8	3.81e-83	253
KAN1671538.1	NP_002216	59.7	2.61e-172	486
KAN1671540.1	NP_997401	33.2	8.92e-51	171
KAN1671545.1	NP_001269917	35.3	3.15e-23	87.8
KAN1671554.1	NP_001191087	35.3	8.93e-26	108
KAN1671557.1	NP_002147	56.9	1.21e-206	585
KAN1671559.1	NP_997401	30.1	3.92e-30	119
KAN1671560.1	NP_060192	40.0	1.63e-117	358
KAN1671586.1	NP_006558	43.5	6.86e-117	346
KAN1671588.1	NP_056255	50.7	9.47e-305	865
KAN1671595.1	NP_001240795	42.4	2.62e-98	309
KAN1671602.1	NP_644812	35.4	3.62e-40	142
KAN1671604.1	NP_060668	36.3	8.11e-13	65.5
KAN1671608.1	NP_001139443	31.8	1.16e-17	77.8
KAN1671617.1	NP_954697	45.4	1.44e-78	246
KAN1671625.1	NP_067022	40.0	9.93e-105	315
KAN1671631.1	NP_003680	40.5	4.44e-71	221
KAN1671633.1	NP_001159482	35.7	5.19e-26	101
KAN1671646.1	NP_036450	38.4	1.11e-89	291
KAN1671650.1	NP_004159	65.5	1.80e-304	839
KAN1671653.1	NP_004125	52.9	3.55e-192	555
KAN1671656.1	NP_004068	53.1	2.09e-168	479
KAN1671663.1	NP_116199	41.1	2.12e-51	181
KAN1671670.1	NP_060850	27.4	1.64e-39	150
KAN1671675.1	NP_003670	43.9	2.11e-56	186
KAN1671687.1	NP_002071	51.7	8.97e-144	413
KAN1671699.1	NP_001258978	29.5	4.81e-94	301
KAN1671705.1	NP_722546	41.2	9.80e-46	153
KAN1671706.1	NP_006787	41.0	3.44e-48	172
KAN1671727.1	NP_689482	59.0	1.14e-17	73.9
KAN1671733.1	NP_543022	52.2	3.06e-116	351
KAN1671738.1	NP_055199	31.1	1.04e-45	160
KAN1671758.1	NP_068758	32.6	1.16e-07	49.3
KAN1671770.1	NP_000275	52.3	2.47e-123	358
KAN1671779.1	NP_060850	31.7	2.32e-46	164
KAN1671782.1	NP_060476	37.6	3.48e-86	266
KAN1671794.1	NP_001019636	52.8	4.03e-71	212
KAN1671802.1	NP_060850	28.1	2.44e-40	147
KAN1671818.1	NP_001018114	42.0	2.47e-59	185
KAN1671822.1	NP_077733	35.2	2.16e-65	217
KAN1671830.1	NP_001073918	31.9	1.51e-45	174
KAN1671850.1	NP_536341	47.0	8.08e-93	280
KAN1671859.1	NP_001026847	39.9	6.65e-33	114
KAN1671870.1	NP_004960	34.8	5.50e-183	560
KAN1671872.1	NP_955452	23.1	2.06e-18	88.2
KAN1671894.1	NP_000047	55.3	9.45e-136	391
KAN1671915.1	NP_004854	44.0	5.32e-152	448
KAN1671931.1	NP_001027535	42.1	1.34e-21	77.4
KAN1671936.1	NP_060867	33.2	3.62e-78	255
KAN1671939.1	NP_009193	33.6	1.98e-27	100
KAN1671945.1	NP_060867	32.5	7.51e-72	238
KAN1671951.1	NP_958800	55.9	7.22e-31	118
KAN1671964.1	NP_005165	40.4	1.14e-58	187
KAN1671973.1	NP_005720	55.9	4.95e-63	197
KAN1671976.1	NP_000776	31.9	9.54e-16	75.9
KAN1671977.1	NP_001186221	29.7	1.90e-33	126
KAN1671987.1	NP_060762	30.3	2.33e-33	130
KAN1672033.1	NP_997401	26.2	8.83e-25	102
KAN1672050.1	NP_001275695	26.2	9.45e-06	45.8
KAN1672052.1	NP_001188306	52.2	3.04e-185	527
KAN1672060.1	NP_060867	32.5	6.35e-59	203
KAN1672061.1	NP_060867	30.0	2.71e-63	215
KAN1672067.1	NP_079426	46.2	6.63e-221	632
KAN1672068.1	NP_060867	30.4	6.99e-67	224
KAN1672084.1	NP_001073918	33.1	8.61e-22	97.4
KAN1672085.1	NP_060867	28.3	7.30e-48	173
KAN1672087.1	NP_004159	61.1	4.66e-238	692
KAN1672095.1	NP_000776	21.7	3.51e-14	70.9
KAN1672114.1	NP_079114	32.3	9.51e-63	215
KAN1672117.1	NP_000775	27.1	1.73e-17	81.6
KAN1672118.1	NP_000775	29.4	1.09e-19	88.2
KAN1672120.1	NP_056481	50.0	3.16e-20	90.9
KAN1672127.1	NP_001171820	28.9	5.05e-25	100
KAN1672137.1	NP_000776	28.5	2.76e-18	83.2
KAN1672139.1	NP_997401	33.3	2.98e-13	68.2
KAN1672147.1	NP_060867	33.2	7.18e-66	222
KAN1672149.1	NP_060867	32.3	4.45e-65	219
KAN1672150.1	NP_060867	32.6	3.54e-67	226
KAN1672152.1	NP_060867	34.3	1.77e-72	240
KAN1672155.1	NP_000776	27.7	1.07e-18	85.1
KAN1672164.1	NP_002159	64.6	2.98e-197	550
KAN1672177.1	NP_597700	43.1	4.99e-132	389
KAN1672178.1	NP_000182	47.8	1.81e-96	286
KAN1672207.1	NP_055873	27.9	2.16e-191	611
KAN1672217.1	NP_001268666	49.4	2.94e-197	562
KAN1672228.1	NP_009034	72.6	5.46e-250	687
KAN1672231.1	NP_060867	26.6	1.43e-15	77.8
KAN1672268.1	NP_997401	27.1	9.76e-29	114
KAN1672287.1	NP_001257609	27.6	6.23e-12	62.4
KAN1672295.1	NP_001269222	32.8	7.79e-65	229
KAN1672299.1	NP_620124	25.6	6.79e-12	59.7
KAN1672304.1	NP_115890	54.1	3.07e-232	657
KAN1672311.1	NP_001157207	27.1	2.62e-72	259
KAN1672377.1	NP_001186912	54.8	4.58e-234	659
KAN1672386.1	NP_001029345	29.3	1.05e-24	99.0
KAN1674109.1	NP_116199	39.5	1.03e-46	164
KAN1674164.1	NP_060867	29.6	4.42e-35	136
KAN1674176.1	NP_001139443	29.9	2.12e-24	98.2
KAN1674177.1	NP_001139443	32.4	2.54e-27	106
KAN1674185.1	NP_001139443	30.7	3.13e-25	100
KAN1674228.1	NP_001139443	30.6	2.68e-29	111
KAN1674238.1	NP_057419	23.8	1.30e-22	98.6
KAN1674318.1	NP_001077083	36.9	1.30e-81	258
KAN1674331.1	NP_055049	31.4	3.37e-26	100
KAN1674332.1	NP_055049	32.8	4.29e-09	49.3
KAN1674333.1	NP_055049	32.8	4.29e-09	49.3
KAN1674334.1	NP_055049	32.8	4.29e-09	49.3
KAN1674349.1	NP_064695	26.4	4.07e-08	50.4
KAN1674369.1	NP_001271254	41.7	1.76e-85	260
KAN1674379.1	NP_001909	32.7	4.00e-51	177
KAN1674406.1	NP_055153	34.8	9.44e-67	216
KAN1674409.1	NP_056515	54.5	4.46e-67	205
KAN1674429.1	NP_001076581	60.2	5.13e-230	657
KAN1674468.1	NP_112202	53.1	6.03e-38	124
KAN1674469.1	NP_000405	32.1	3.82e-17	77.8
KAN1674484.1	NP_006003	53.7	3.98e-67	203
KAN1674496.1	NP_006321	42.2	5.96e-52	165
KAN1674497.1	NP_060500	36.6	1.20e-28	112
KAN1674515.1	NP_001266289	50.6	2.63e-17	70.5
KAN1674523.1	NP_002970	52.1	2.95e-140	410
KAN1674528.1	NP_055781	31.4	1.25e-65	239
KAN1674531.1	NP_001258626	28.5	3.74e-27	113
KAN1674558.1	NP_997401	24.6	7.69e-13	65.5
KAN1674560.1	NP_001138341	35.1	4.25e-30	109
KAN1674568.1	NP_036272	40.4	3.21e-47	155
KAN1674574.1	NP_005680	33.1	3.94e-29	121
KAN1674582.1	NP_060850	27.1	3.59e-26	108
KAN1674588.1	NP_000773	25.8	2.62e-11	62.0
KAN1674603.1	NP_997401	26.6	1.83e-21	94.0
KAN1674605.1	NP_001258757	33.1	1.04e-27	101
KAN1674610.1	NP_005155	45.6	1.37e-189	553
KAN1674625.1	NP_001019636	53.0	2.87e-72	215
KAN1674646.1	NP_005994	57.6	1.83e-76	230
KAN1674671.1	NP_001128582	34.4	2.85e-49	171
KAN1674673.1	NP_001275693	25.0	2.37e-08	53.5
KAN1674698.1	NP_003841	56.6	1.62e-157	449
KAN1674701.1	NP_004542	56.1	1.02e-80	240
KAN1674704.1	NP_009169	39.1	1.01e-45	147
KAN1674719.1	NP_060850	29.1	8.61e-32	125
KAN1674720.1	NP_057161	52.6	1.21e-37	125
KAN1674731.1	NP_000135	48.3	9.75e-25	92.4
KAN1674732.1	NP_001106678	40.4	3.66e-23	85.1
KAN1674748.1	NP_001181	47.4	2.32e-113	335
KAN1674749.1	NP_543022	36.5	4.25e-10	57.4
KAN1674750.1	NP_002625	52.3	1.56e-93	273
KAN1674752.1	NP_060500	36.5	8.81e-70	234
KAN1674754.1	NP_001089	52.4	1.18e-255	725
KAN1674757.1	NP_536341	43.4	2.60e-75	237
KAN1674767.1	NP_004076	36.6	3.58e-13	56.2
KAN1674786.1	NP_001123291	43.8	1.01e-64	203
KAN1674813.1	NP_689996	50.7	6.43e-153	459
KAN1674815.1	NP_001273639	23.3	1.77e-06	46.6
KAN1674817.1	NP_620124	31.2	3.55e-09	53.1
KAN1674827.1	NP_001128582	41.2	7.15e-10	54.3
KAN1674830.1	NP_057611	35.3	3.57e-63	206
KAN1674835.1	NP_000134	65.8	5.78e-216	600
KAN1674837.1	NP_055781	31.8	5.15e-99	341
KAN1674840.1	NP_006850	56.8	1.29e-135	389
KAN1674842.1	NP_001922	49.3	2.41e-122	367
KAN1674850.1	NP_000775	21.7	3.35e-18	85.5
KAN1674860.1	NP_001026847	30.0	3.15e-16	70.1
KAN1674876.1	NP_004994	48.3	1.77e-21	80.5
KAN1674890.1	NP_003312	56.9	3.35e-168	477
KAN1674891.1	NP_004474	47.9	2.47e-37	122
KAN1674905.1	NP_003312	30.9	1.32e-47	166
KAN1674910.1	NP_002071	61.2	1.92e-177	499
KAN1674915.1	NP_057100	37.7	5.32e-53	174
KAN1674927.1	NP_001598	44.9	7.87e-101	303
KAN1674934.1	NP_067653	52.5	5.23e-109	319
KAN1674957.1	NP_055781	32.3	5.23e-102	348
KAN1674961.1	NP_060626	25.8	1.96e-40	162
KAN1674965.1	NP_001245322	30.1	1.42e-44	167
KAN1674973.1	NP_004499	55.5	1.53e-78	235
KAN1674976.1	NP_057182	52.3	8.24e-36	116
KAN1674977.1	NP_002302	28.2	4.11e-46	174
KAN1674996.1	NP_000405	35.2	1.48e-23	95.9
KAN1675012.1	NP_001627	53.9	3.94e-93	275
KAN1675038.1	NP_660325	31.3	6.23e-14	65.1
KAN1675047.1	NP_001075032	25.2	1.62e-18	87.4
KAN1675053.1	NP_536341	54.6	8.70e-108	325
KAN1675054.1	NP_003840	66.6	5.18e-127	391
KAN1675075.1	NP_005580	58.5	3.82e-203	572
KAN1675083.1	NP_006787	60.6	2.50e-238	682
KAN1675114.1	NP_000378	48.6	7.27e-82	246
KAN1675125.1	NP_001598	50.6	1.99e-99	298
KAN1675178.1	NP_036372	25.8	3.04e-10	57.8
KAN1675182.1	NP_079428	42.2	8.58e-54	174
KAN1675183.1	NP_060297	34.7	3.20e-79	252
KAN1675191.1	NP_004948	37.9	6.99e-100	309
KAN1675205.1	NP_003163	36.0	2.84e-41	139
KAN1675221.1	NP_443085	30.2	2.50e-76	253
KAN1675230.1	NP_005923	36.1	1.05e-110	350
KAN1675238.1	NP_000161	53.5	0.0	1003
KAN1675247.1	NP_064695	39.5	1.77e-56	194
KAN1675269.1	NP_789845	44.4	1.82e-74	227
KAN1675289.1	NP_055975	32.0	4.40e-73	238
KAN1675298.1	NP_997231	36.7	1.26e-47	159
KAN1675302.1	NP_001157207	36.4	9.68e-108	359
KAN1675308.1	NP_005680	33.5	4.99e-19	89.7
KAN1675319.1	NP_003696	38.2	1.47e-102	335
KAN1675324.1	NP_005934	53.9	1.05e-85	257
KAN1675326.1	NP_001474	38.2	1.13e-47	157
KAN1675349.1	NP_002003	38.8	4.85e-23	86.7
KAN1675355.1	NP_079272	26.9	5.62e-35	139
KAN1675365.1	NP_055781	32.7	6.67e-103	351
KAN1675366.1	NP_055209	35.9	3.83e-38	135
KAN1675368.1	NP_055781	33.8	1.57e-77	278
KAN1675385.1	NP_705904	40.1	1.18e-55	184
KAN1675445.1	NP_620124	34.2	6.49e-10	54.3
KAN1675467.1	NP_055132	43.4	1.30e-59	199
KAN1675490.1	NP_001123291	31.6	2.61e-30	112
KAN1675496.1	NP_078954	36.1	1.82e-86	271
KAN1675523.1	NP_064551	45.4	4.08e-181	555
KAN1675551.1	NP_004125	36.7	9.44e-99	314
KAN1675563.1	NP_612393	26.3	1.16e-06	47.8
KAN1675568.1	NP_997401	34.9	7.72e-64	217
KAN1675569.1	NP_525022	23.6	6.28e-52	197
KAN1675584.1	NP_036605	41.0	3.94e-17	68.9
KAN1675623.1	NP_002387	34.3	6.46e-104	322
KAN1675627.1	NP_060867	29.8	1.52e-62	215
KAN1675638.1	NP_057034	31.6	3.14e-26	103
KAN1675655.1	NP_079034	31.2	3.66e-43	151
KAN1675667.1	NP_004246	41.6	1.18e-21	81.3
KAN1675677.1	NP_036335	41.3	2.48e-77	238
KAN1675691.1	NP_056991	42.2	3.00e-102	312
KAN1675692.1	NP_056991	44.7	9.10e-111	334
KAN1675693.1	NP_056991	44.7	9.10e-111	334
KAN1675694.1	NP_056991	44.7	9.10e-111	334
KAN1675695.1	NP_056991	44.7	9.10e-111	334
KAN1675696.1	NP_056991	44.7	9.10e-111	334
KAN1675697.1	NP_056991	44.7	9.10e-111	334
KAN1675698.1	NP_056991	44.7	1.62e-111	336
KAN1675711.1	NP_004541	70.4	4.87e-215	607
KAN1675715.1	NP_036340	45.2	5.90e-133	394
KAN1677106.1	NP_001171475	35.6	3.02e-87	295
KAN1677139.1	NP_004319	30.6	2.76e-51	181
KAN1677159.1	NP_001653	36.7	2.58e-22	89.7
KAN1677165.1	NP_000776	34.5	2.17e-18	84.3
KAN1677171.1	NP_001265394	27.0	1.88e-21	95.9
KAN1677176.1	NP_060867	32.9	1.12e-64	219
KAN1677190.1	NP_001275695	28.6	3.84e-15	74.7
KAN1677216.1	NP_001034444	37.5	1.13e-49	164
KAN1677304.1	NP_001239604	24.1	1.43e-35	139
KAN1677314.1	NP_078813	43.0	2.24e-69	235
KAN1677335.1	NP_004609	34.8	8.17e-151	469
KAN1677353.1	NP_068758	39.8	1.21e-25	97.4
KAN1677370.1	NP_689920	32.5	2.54e-43	150
KAN1677410.1	NP_808881	25.8	1.45e-26	110
KAN1677419.1	NP_001002913	36.3	8.18e-18	74.3
KAN1677423.1	NP_002519	47.5	1.02e-60	193
KAN1677437.1	NP_060850	26.0	1.28e-19	90.5
KAN1677470.1	NP_001275695	28.7	2.80e-08	52.4
KAN1677481.1	NP_001192179	24.2	2.06e-19	88.6
KAN1677535.1	NP_060850	26.7	9.87e-25	105
KAN1677536.1	NP_005720	54.6	5.93e-59	185
KAN1677540.1	NP_060530	28.3	2.87e-72	256
KAN1677541.1	NP_997401	30.8	2.67e-17	79.3
KAN1677576.1	NP_055635	27.3	7.63e-09	55.8
KAN1677584.1	NP_002302	27.2	1.10e-26	113
KAN1677588.1	NP_001275695	50.0	1.40e-38	147
KAN1677600.1	NP_000117	51.9	3.97e-87	262
KAN1677623.1	NP_000373	37.3	4.24e-101	308
KAN1677627.1	NP_005825	53.4	2.69e-49	153
KAN1677645.1	NP_001688	38.3	2.19e-32	113
KAN1677664.1	NP_057153	34.9	2.23e-09	50.1
KAN1677669.1	NP_001653	63.9	6.51e-87	249
KAN1677733.1	NP_071748	31.0	2.77e-33	122
KAN1677749.1	NP_056230	64.8	4.51e-39	124
KAN1677762.1	NP_997401	21.6	2.02e-06	47.4
KAN1677773.1	NP_001275695	35.7	2.24e-43	160
KAN1677777.1	NP_005680	49.1	1.42e-168	515
KAN1677782.1	NP_004319	33.3	2.99e-59	207
KAN1677799.1	NP_004083	57.0	1.31e-95	280
KAN1677803.1	NP_000773	24.6	3.81e-23	99.0
KAN1677816.1	NP_997401	26.2	1.33e-19	85.9
KAN1677817.1	NP_004484	24.8	5.39e-16	72.8
KAN1677819.1	NP_003110	34.9	8.31e-39	152
KAN1677821.1	NP_113651	33.9	7.88e-40	139
KAN1677827.1	NP_689920	36.1	1.34e-58	188
KAN1677829.1	NP_001171906	23.6	5.92e-07	46.2
KAN1677857.1	NP_060299	33.7	4.34e-15	67.8
KAN1677858.1	NP_060299	34.8	1.51e-24	95.9
KAN1677879.1	NP_068758	39.8	2.99e-12	63.9
KAN1677893.1	NP_055205	34.6	1.07e-144	448
KAN1677904.1	NP_001091972	57.1	9.18e-25	93.2
KAN1677967.1	NP_443195	43.4	5.71e-162	483
KAN1677972.1	NP_001035526	38.5	1.58e-93	288
KAN1677977.1	NP_112486	52.2	2.29e-141	406
KAN1677988.1	NP_065154	39.7	2.06e-59	201
KAN1677992.1	NP_079425	27.9	7.15e-40	150
KAN1677994.1	NP_001880	32.7	6.27e-41	142
KAN1678003.1	NP_000131	57.3	1.81e-137	395
KAN1678011.1	NP_077718	71.9	9.44e-95	274
KAN1678020.1	NP_689755	32.7	9.14e-08	50.1
KAN1678029.1	NP_001116105	52.1	0.0	1066
KAN1678031.1	NP_056338	47.2	5.15e-50	159
KAN1678066.1	NP_001186976	61.8	7.50e-09	50.4
KAN1678068.1	NP_000150	60.2	5.66e-163	466
KAN1678086.1	NP_057611	37.6	2.35e-72	238
KAN1678087.1	NP_057611	39.4	3.49e-76	239
KAN1678099.1	NP_004125	65.4	1.60e-276	770
KAN1678102.1	NP_115545	35.9	3.80e-59	201
KAN1678119.1	NP_036221	46.1	2.79e-159	472
KAN1678173.1	NP_001034444	32.7	1.38e-26	106
KAN1678184.1	NP_001138299	29.9	3.91e-14	70.1
KAN1678187.1	NP_000773	23.8	5.69e-22	95.5
KAN1678203.1	NP_997401	50.0	1.30e-108	321
KAN1678215.1	NP_005318	36.2	1.80e-52	171
KAN1678217.1	NP_055470	23.7	5.21e-08	52.0
KAN1678233.1	NP_064695	41.9	2.01e-61	195
KAN1678247.1	NP_055132	26.0	1.62e-11	60.8
KAN1678259.1	NP_001265394	27.2	8.79e-23	100
KAN1678265.1	NP_001265394	26.1	1.50e-19	89.7
KAN1678267.1	NP_001180242	32.3	2.70e-60	199
KAN1678273.1	NP_001139443	36.4	3.59e-44	150
KAN1678274.1	NP_001139443	35.5	3.43e-43	147
KAN1678276.1	NP_001001563	37.2	1.14e-35	134
KAN1678293.1	NP_055067	33.4	1.08e-42	145
KAN1678316.1	NP_001242939	31.6	1.16e-26	110
KAN1678413.1	NP_001245322	34.1	6.92e-49	179
KAN1678414.1	NP_001129294	42.5	1.34e-93	280
KAN1678420.1	NP_683682	26.2	3.32e-06	47.4
KAN1678474.1	NP_060867	31.7	2.26e-70	234
KAN1678533.1	NP_079034	33.4	1.29e-49	167
KAN1678542.1	NP_001034444	41.1	9.29e-31	112
KAN1678546.1	NP_004319	32.6	1.17e-58	199
KAN1678547.1	NP_036192	42.4	6.82e-195	570
KAN1678608.1	NP_001128582	49.2	1.96e-10	59.3
KAN1678615.1	NP_064695	35.6	1.59e-51	167
KAN1678618.1	NP_006787	40.8	1.02e-49	184
KAN1678641.1	NP_079046	27.9	5.69e-52	176
KAN1678644.1	NP_001091991	34.7	8.66e-22	91.3
KAN1678651.1	NP_060762	36.1	2.15e-85	270
KAN1678683.1	NP_060867	29.5	3.70e-56	199
KAN1678686.1	NP_005509	47.2	5.13e-149	432
KAN1678719.1	NP_005509	46.9	6.37e-150	434
KAN1678733.1	NP_036372	33.1	1.00e-17	76.3
KAN1678739.1	NP_001229811	42.3	8.23e-81	246
KAN1678742.1	NP_004319	35.9	2.45e-62	208
KAN1678743.1	NP_004319	33.9	5.47e-61	204
KAN1678777.1	NP_001128582	42.9	5.86e-08	51.6
KAN1678810.1	NP_001275695	39.2	9.64e-72	241
KAN1678811.1	NP_001002020	28.8	2.06e-43	156
KAN1678821.1	NP_057611	32.0	4.94e-50	170
KAN1678832.1	NP_059117	33.3	2.82e-42	146
KAN1678849.1	NP_006787	37.6	1.60e-51	181
KAN1678855.1	NP_001352	48.7	2.90e-103	311
KAN1678866.1	NP_001084	46.6	0.0	1882
KAN1678873.1	NP_057501	63.6	1.05e-40	130
KAN1678874.1	NP_004484	39.1	2.36e-49	160
KAN1678892.1	NP_872286	31.9	7.70e-48	172
KAN1678905.1	NP_997401	30.7	9.53e-39	143
KAN1678920.1	NP_001188502	39.6	2.39e-49	157
KAN1678930.1	NP_954697	50.4	6.26e-76	231
KAN1678933.1	NP_057152	35.9	1.59e-24	89.4
KAN1678945.1	NP_055781	31.2	1.75e-67	241
KAN1678965.1	NP_036372	25.5	3.41e-13	67.0
KAN1679004.1	NP_036277	43.3	1.58e-57	178
KAN1679012.1	NP_998776	51.9	1.83e-88	265
KAN1679016.1	NP_997401	34.9	1.10e-65	211
KAN1679017.1	NP_001229768	56.2	1.04e-67	203
KAN1679018.1	NP_005680	24.3	2.21e-17	84.3
KAN1679030.1	NP_001107656	37.0	1.57e-29	109
KAN1679048.1	NP_001180389	50.9	1.69e-12	58.9
KAN1679052.1	NP_004037	72.6	8.29e-269	740
KAN1679063.1	NP_001035806	54.0	0.0	1230
KAN1679073.1	NP_057095	40.9	6.97e-75	234
KAN1679113.1	NP_001907	62.1	3.59e-114	332
KAN1679130.1	NP_001128582	47.1	1.34e-10	58.2
KAN1679136.1	NP_057696	44.7	5.33e-80	242
KAN1679144.1	NP_001275695	27.1	6.84e-10	56.6
KAN1679154.1	NP_872282	23.7	1.26e-06	47.4
KAN1679159.1	NP_060850	28.8	3.95e-36	140
KAN1679184.1	NP_001180289	33.0	2.51e-08	54.3
KAN1679187.1	NP_001017423	41.8	2.47e-90	287
KAN1679216.1	NP_006342	29.3	4.37e-45	163
KAN1679237.1	NP_060850	25.6	2.81e-23	101
KAN1680837.1	NP_057170	30.7	1.87e-12	60.8
KAN1680853.1	NP_997401	30.6	1.56e-07	50.8
KAN1680857.1	NP_005720	64.6	2.08e-74	219
KAN1680881.1	NP_000775	29.1	2.30e-13	68.9
KAN1680887.1	NP_006787	42.9	3.21e-48	179
KAN1680901.1	NP_064695	41.9	3.32e-63	199
KAN1680926.1	NP_001275695	26.1	7.84e-21	94.4
KAN1680972.1	NP_060777	43.0	1.04e-151	450
KAN1680982.1	NP_001129522	30.9	3.54e-07	44.3
KAN1681004.1	NP_644812	30.1	4.08e-26	106
KAN1681024.1	NP_000445	55.2	1.74e-53	164
KAN1681027.1	NP_001269222	34.0	2.87e-92	308
KAN1681028.1	NP_997401	46.3	3.66e-90	277
KAN1681030.1	NP_001138303	52.2	3.15e-90	268
KAN1681045.1	NP_003110	39.7	7.67e-44	160
KAN1681050.1	NP_002486	47.1	1.62e-29	103
KAN1681096.1	NP_000447	35.6	4.94e-57	203
KAN1681104.1	NP_658985	52.8	1.75e-71	217
KAN1681106.1	NP_036371	50.4	2.93e-85	261
KAN1681146.1	NP_001073923	29.4	4.44e-25	100
KAN1681168.1	NP_536341	24.5	8.65e-16	77.0
KAN1681178.1	NP_001271330	37.0	1.67e-57	188
KAN1681185.1	NP_005720	49.6	1.91e-29	112
KAN1681190.1	NP_115890	21.0	1.91e-07	51.2
KAN1681191.1	NP_065142	48.1	7.31e-11	58.2
KAN1681193.1	NP_036605	32.9	8.61e-15	62.8
KAN1681198.1	NP_055781	28.4	1.65e-45	175
KAN1681216.1	NP_665877	38.6	3.27e-06	43.1
KAN1681252.1	NP_000776	26.0	2.32e-16	77.8
KAN1681258.1	NP_071413	48.0	1.89e-57	186
KAN1681264.1	NP_065777	40.3	5.84e-158	469
KAN1681280.1	NP_001018088	27.4	1.86e-20	92.8
KAN1681290.1	NP_004484	27.1	2.62e-09	55.5
KAN1681300.1	NP_000700	53.5	2.63e-137	398
KAN1681310.1	NP_001171752	36.2	3.19e-55	177
KAN1681319.1	NP_996531	33.5	6.07e-44	149
KAN1681320.1	NP_055781	33.6	1.26e-80	283
KAN1681377.1	NP_004993	41.0	3.66e-64	206
KAN1681381.1	NP_203526	56.3	3.87e-25	91.3
KAN1681385.1	NP_060597	29.7	9.64e-56	204
KAN1681388.1	NP_001076581	30.6	4.12e-09	54.3
KAN1681389.1	NP_057611	33.2	9.51e-55	189
KAN1681409.1	NP_116199	49.5	3.69e-103	306
KAN1681414.1	NP_001258626	29.8	2.99e-22	99.8
KAN1681418.1	NP_002387	40.4	3.18e-127	381
KAN1681440.1	NP_115690	45.6	6.53e-72	221
KAN1681477.1	NP_055781	29.1	6.64e-65	231
KAN1681482.1	NP_997401	33.8	7.87e-45	155
KAN1681483.1	NP_002532	49.5	0.0	935
KAN1681484.1	NP_001180242	37.9	7.18e-85	269
KAN1681503.1	NP_000773	22.8	4.86e-23	99.0
KAN1681504.1	NP_005720	67.5	1.52e-74	218
KAN1681511.1	NP_068746	40.7	1.23e-21	97.1
KAN1681519.1	NP_055049	31.3	1.06e-24	97.4
KAN1681534.1	NP_997401	37.2	5.07e-69	231
KAN1681539.1	NP_055049	35.9	5.54e-39	133
KAN1681544.1	NP_000775	26.1	1.52e-21	94.4
KAN1681545.1	NP_000775	29.9	1.05e-18	85.5
KAN1681577.1	NP_001269917	28.8	7.42e-14	64.7
KAN1681580.1	NP_775742	49.8	1.84e-77	233
KAN1681594.1	NP_000773	29.3	2.12e-14	71.2
KAN1682623.1	NP_919417	39.8	8.24e-101	310
KAN1682699.1	NP_005539	57.2	9.10e-214	604
KAN1682704.1	NP_000373	46.1	1.01e-129	383
KAN1682711.1	NP_064716	35.9	7.74e-112	351
KAN1682714.1	NP_064695	42.0	1.52e-63	200
KAN1682717.1	NP_061176	45.5	3.47e-265	761
KAN1682756.1	NP_000373	45.4	2.40e-128	379
KAN1682780.1	NP_001098117	41.0	9.12e-61	191
KAN1682801.1	NP_997401	33.8	2.77e-40	148
KAN1682803.1	NP_060311	49.1	4.53e-26	94.0
KAN1682805.1	NP_000776	30.4	8.43e-16	76.3
KAN1682837.1	NP_060850	27.3	7.02e-29	118
KAN1682854.1	NP_001275695	22.4	1.28e-09	55.8
KAN1682902.1	NP_525022	28.5	1.88e-09	57.0
KAN1682905.1	NP_000776	27.9	3.63e-13	67.8
KAN1682906.1	NP_001028260	48.0	1.89e-08	48.9
KAN1682915.1	NP_612393	29.9	9.91e-28	108
KAN1682920.1	NP_004484	25.7	6.50e-13	63.9
KAN1682921.1	NP_004484	23.5	7.03e-12	60.8
KAN1682929.1	NP_068758	43.8	8.31e-23	89.4
KAN1682947.1	NP_997401	30.2	1.65e-33	129
KAN1682966.1	NP_000775	35.4	1.62e-22	97.1
KAN1682992.1	NP_000300	32.0	4.97e-59	198
KAN1682998.1	NP_002387	40.6	3.01e-130	389
KAN1683000.1	NP_005680	24.9	1.95e-13	71.6
KAN1683007.1	NP_001924	47.2	1.97e-98	298
KAN1683068.1	NP_000681	51.1	3.47e-166	476
KAN1683073.1	NP_543022	38.9	1.02e-09	57.4
KAN1683083.1	NP_640335	26.2	4.22e-16	75.1
KAN1683120.1	NP_002148	48.1	1.00e-26	91.7
KAN1683139.1	NP_000522	48.4	2.35e-85	259
KAN1683166.1	NP_001265478	33.9	1.38e-69	224
KAN1685249.1	NP_056512	34.0	4.79e-43	150
KAN1685255.1	NP_079272	26.9	8.59e-32	129
KAN1685264.1	NP_057501	44.8	1.49e-28	102
KAN1685271.1	NP_001139443	35.4	1.65e-23	95.9
KAN1685291.1	NP_114106	28.9	6.24e-43	155
KAN1685307.1	NP_683711	34.8	3.49e-31	115
KAN1685312.1	NP_064695	33.5	4.05e-40	139
KAN1685333.1	NP_113642	32.8	1.99e-63	220
KAN1685335.1	NP_055139	43.4	2.36e-90	274
KAN1685338.1	NP_001152980	27.3	5.36e-28	112
KAN1685347.1	NP_004319	31.1	5.90e-51	179
KAN1685348.1	NP_004319	30.2	3.96e-48	171
KAN1685394.1	NP_004484	30.9	6.18e-18	77.8
KAN1685430.1	NP_006787	29.8	1.49e-13	65.9
KAN1685432.1	NP_003110	38.8	7.44e-45	169
KAN1685447.1	NP_060342	40.0	1.73e-63	197
KAN1685464.1	NP_004366	46.8	3.06e-47	153
KAN1685465.1	NP_001244292	28.6	4.29e-47	171
KAN1685470.1	NP_653337	36.6	3.90e-72	229
KAN1685500.1	NP_001853	41.8	9.65e-14	60.8
KAN1685519.1	NP_000472	45.5	6.07e-105	313
KAN1685524.1	NP_001177990	24.4	7.04e-07	46.6
KAN1685555.1	NP_054768	29.2	2.96e-28	115
KAN1685556.1	NP_085056	46.1	8.84e-14	65.5
KAN1685561.1	NP_000405	52.5	7.86e-85	276
KAN1685562.1	NP_001186221	46.9	1.42e-71	231
KAN1685599.1	NP_997401	33.8	1.77e-62	199
KAN1685622.1	NP_060668	38.9	4.27e-07	47.4
KAN1685628.1	NP_001186221	48.3	4.54e-21	84.0
KAN1685629.1	NP_005681	42.1	3.30e-44	167
KAN1685637.1	NP_000447	39.1	3.45e-72	231
KAN1685640.1	NP_001854	49.4	2.60e-30	99.4
KAN1685643.1	NP_036590	50.0	5.34e-25	86.7
KAN1685646.1	NP_001294	39.8	2.98e-57	187
KAN1685652.1	NP_004068	64.9	2.54e-214	595
KAN1685656.1	NP_060850	30.2	1.55e-39	147
KAN1685661.1	NP_001230679	40.5	9.76e-15	68.6
KAN1685677.1	NP_065175	47.2	8.46e-247	720
KAN1685681.1	NP_001087	56.6	0.0	1213
KAN1685685.1	NP_060666	42.3	6.42e-71	224
KAN1685700.1	NP_001128582	28.4	5.46e-24	102
KAN1685710.1	NP_009119	25.0	4.36e-31	128
KAN1685724.1	NP_060850	25.7	1.52e-22	98.2
KAN1685727.1	NP_001910	28.5	7.77e-12	60.5
KAN1685729.1	NP_065956	32.8	7.80e-36	129
KAN1685735.1	NP_036371	28.0	2.13e-16	77.8
KAN1685751.1	NP_079235	47.3	2.80e-27	114
KAN1685762.1	NP_003110	40.7	3.41e-47	170
KAN1685779.1	NP_000775	29.2	1.42e-18	85.1
KAN1685792.1	NP_000776	31.7	2.53e-17	80.9
KAN1685795.1	NP_002076	41.5	4.91e-33	112
KAN1685835.1	NP_001073331	57.6	1.04e-29	98.6
KAN1685843.1	NP_060668	43.2	4.35e-12	65.9
KAN1685848.1	NP_001177162	60.9	3.60e-22	85.9
KAN1685849.1	NP_060867	31.7	1.10e-58	203
KAN1685862.1	NP_060867	29.2	5.13e-62	213
KAN1685872.1	NP_005720	52.6	1.38e-18	73.9
KAN1685886.1	NP_000776	28.3	7.95e-15	72.0
KAN1685892.1	NP_001263409	35.1	2.19e-73	241
KAN1685893.1	NP_001263408	43.8	2.81e-136	418
KAN1685898.1	NP_064716	33.2	5.05e-76	251
KAN1685899.1	NP_001163	43.9	1.46e-82	250
KAN1685903.1	NP_061820	63.7	2.33e-47	144
KAN1685904.1	NP_060345	22.0	6.18e-08	48.9
KAN1685912.1	NP_000024	40.1	2.20e-134	412
KAN1685930.1	NP_060762	33.2	4.98e-33	128
KAN1685948.1	NP_002684	36.1	2.62e-224	680
KAN1685956.1	NP_001258627	49.1	5.57e-189	573
KAN1685962.1	NP_150592	42.0	3.26e-35	119
KAN1685964.1	NP_872603	41.8	6.74e-77	238
KAN1686005.1	NP_009129	40.2	5.05e-47	155
KAN1686646.1	NP_115679	36.3	1.54e-16	75.5
KAN1686681.1	NP_000776	32.5	5.96e-18	82.8
KAN1686702.1	NP_919417	38.7	1.90e-95	293
KAN1686733.1	NP_000775	22.3	2.51e-21	93.6
KAN1686777.1	NP_000776	29.6	1.84e-15	75.1
KAN1686803.1	NP_997401	25.2	1.72e-13	67.0
KAN1686806.1	NP_060867	31.8	1.35e-60	207
KAN1686833.1	NP_054797	39.7	1.97e-29	103
KAN1686836.1	NP_954697	43.9	1.63e-70	219
KAN1686842.1	NP_000776	28.5	3.55e-15	73.2
KAN1686847.1	NP_003739	47.8	6.41e-167	482
KAN1686888.1	NP_006787	35.4	2.39e-32	130
KAN1686915.1	NP_077025	50.9	1.31e-94	280
KAN1686919.1	NP_006321	34.7	4.14e-40	135
KAN1686921.1	NP_001071	51.7	8.11e-162	466
KAN1686925.1	NP_085056	50.7	6.53e-22	83.2
KAN1686956.1	NP_064695	33.3	1.28e-47	157
KAN1686957.1	NP_004555	37.3	1.02e-109	339
KAN1686982.1	NP_660200	28.9	2.29e-27	108
KAN1687031.1	NP_660358	43.3	5.30e-110	332
KAN1687034.1	NP_071415	59.5	8.71e-204	576
KAN1687042.1	NP_002487	70.2	4.53e-59	182
KAN1687050.1	NP_065837	31.3	1.94e-46	166
KAN1687064.1	NP_005521	27.7	1.09e-23	97.4
KAN1687074.1	NP_000687	36.0	3.62e-91	285
KAN1687075.1	NP_683682	24.9	2.06e-07	49.7
KAN1687085.1	NP_060850	28.1	6.28e-38	140
KAN1687092.1	NP_001689	50.6	9.48e-74	228
KAN1687103.1	NP_783859	34.5	2.23e-07	46.2
KAN1687104.1	NP_001653	81.1	3.46e-107	301
KAN1687137.1	NP_005872	33.5	1.56e-58	192
KAN1687139.1	NP_001275695	38.9	1.81e-84	266
KAN1687145.1	NP_004319	29.0	1.44e-14	73.6
KAN1687153.1	NP_005521	62.2	3.51e-146	416
KAN1687177.1	NP_777280	50.8	6.32e-116	338
KAN1687181.1	NP_000916	66.5	6.60e-159	447
KAN1687185.1	NP_077008	32.5	1.28e-56	194
KAN1687213.1	NP_115756	31.4	8.52e-97	315
KAN1687232.1	NP_005827	32.0	3.87e-09	52.0
KAN1687245.1	NP_057151	45.5	7.08e-09	48.9
KAN1687246.1	NP_997401	41.3	3.54e-34	132
KAN1687261.1	NP_060850	30.6	2.69e-34	135
KAN1687285.1	NP_001129673	41.1	2.01e-28	101
KAN1687290.1	NP_001010867	29.6	9.82e-33	122
KAN1687302.1	NP_000010	52.7	1.19e-135	391
KAN1687314.1	NP_000681	48.5	1.71e-149	434
KAN1687345.1	NP_001008661	35.0	7.49e-81	253
KAN1687349.1	NP_060850	28.8	6.31e-40	152
KAN1687381.1	NP_733935	52.9	2.11e-45	143
KAN1687390.1	NP_997401	38.3	1.63e-61	204
KAN1687398.1	NP_998760	68.9	8.96e-66	196
KAN1687437.1	NP_060592	36.7	9.83e-104	327
KAN1687442.1	NP_079523	46.2	1.05e-84	273
KAN1687443.1	NP_079523	52.6	9.15e-129	395
KAN1687447.1	NP_997401	42.9	9.33e-78	252
KAN1687454.1	NP_060809	42.9	2.44e-39	129
KAN1687458.1	NP_000265	29.8	2.44e-53	182
KAN1687459.1	NP_000023	49.3	2.15e-135	407
KAN1687465.1	NP_055781	34.7	1.90e-69	243
KAN1687470.1	NP_001653	55.7	1.81e-70	208
KAN1687472.1	NP_005521	36.4	2.16e-61	197
KAN1687484.1	NP_006651	44.2	4.12e-79	253
KAN1687500.1	NP_001159482	48.1	6.05e-11	60.1
KAN1687507.1	NP_055049	31.3	1.92e-21	86.7
KAN1687512.1	NP_510870	46.1	1.86e-90	278
KAN1687521.1	NP_005680	31.4	5.10e-32	129
KAN1687540.1	NP_001026847	45.5	2.39e-28	108
KAN1687562.1	NP_110407	28.7	1.76e-16	72.4
KAN1687567.1	NP_057376	36.6	5.25e-31	126
KAN1687600.1	NP_653251	44.7	2.64e-122	361
KAN1687609.1	NP_078836	23.2	1.28e-09	55.5
KAN1688264.1	NP_001976	58.2	8.51e-93	271
KAN1688306.1	NP_004125	45.0	6.22e-64	226
KAN1688331.1	NP_001263409	32.6	2.81e-110	354
KAN1688337.1	NP_065956	30.0	2.58e-34	125
KAN1688338.1	NP_000776	29.2	8.68e-17	77.4
KAN1688344.1	NP_060867	27.4	1.44e-43	161
KAN1688363.1	NP_005909	54.1	1.77e-104	306
KAN1688375.1	NP_000776	33.8	1.82e-16	75.9
KAN1688391.1	NP_060867	31.7	3.03e-64	218
KAN1688398.1	NP_002481	38.2	4.38e-21	79.7
KAN1688399.1	NP_060867	26.2	1.18e-24	104
KAN1688404.1	NP_060867	28.8	9.14e-50	179
KAN1688416.1	NP_003312	28.3	8.98e-19	85.5
KAN1688424.1	NP_000265	57.7	3.73e-166	472
KAN1688464.1	NP_005006	28.3	5.04e-25	105
KAN1688483.1	NP_997401	25.6	1.59e-09	57.0
KAN1688485.1	NP_004125	53.6	2.55e-186	540
KAN1688489.1	NP_060867	30.7	5.29e-52	184
KAN1688495.1	NP_000889	37.5	1.56e-08	52.8
KAN1688503.1	NP_001028755	35.1	7.90e-46	162
KAN1688518.1	NP_001002020	45.3	1.90e-10	59.3
KAN1688521.1	NP_001192176	29.1	5.99e-64	227
KAN1688533.1	NP_060500	24.5	5.54e-08	50.1
KAN1688599.1	NP_005026	40.4	4.46e-146	472
KAN1688612.1	NP_001275695	27.5	1.48e-18	87.0
KAN1688616.1	NP_005975	41.3	7.86e-74	225
KAN1688639.1	NP_116184	30.3	1.56e-11	59.7
KAN1688660.1	NP_066284	25.8	6.84e-13	63.5
KAN1688664.1	NP_079152	42.0	1.86e-104	324
KAN1688671.1	NP_001164641	39.4	4.50e-61	192
KAN1688689.1	NP_000775	32.4	1.07e-20	92.0
KAN1688702.1	NP_000775	34.3	5.61e-19	86.7
KAN1688704.1	NP_000776	24.1	1.71e-16	79.7
KAN1688705.1	NP_000775	32.2	9.38e-18	82.8
KAN1688713.1	NP_001093243	27.5	1.41e-17	80.1
KAN1688716.1	NP_000776	38.8	1.73e-14	70.9
KAN1688722.1	NP_005680	29.1	2.20e-18	87.8
KAN1688813.1	NP_000773	23.9	7.67e-22	94.4
KAN1688860.1	NP_115679	33.1	5.59e-15	70.1
KAN1690159.1	NP_002991	69.1	2.74e-124	352
KAN1690181.1	NP_036226	42.0	2.80e-28	102
KAN1690183.1	NP_068605	35.0	2.33e-43	147
KAN1690204.1	NP_116250	26.4	1.70e-07	50.1
KAN1690205.1	NP_066284	29.9	6.54e-15	69.7
KAN1690207.1	NP_055049	33.9	2.96e-24	94.4
KAN1690215.1	NP_000099	61.2	1.03e-200	564
KAN1690219.1	NP_001258626	31.1	1.35e-24	108
KAN1690237.1	NP_116172	33.5	6.97e-17	74.7
KAN1690238.1	NP_056325	29.4	1.83e-22	91.7
KAN1690282.1	NP_000773	26.7	3.24e-10	58.5
KAN1690313.1	NP_001275695	26.3	2.65e-11	61.2
KAN1690328.1	NP_001157207	32.1	3.56e-92	320
KAN1690329.1	NP_001743	53.0	9.22e-166	477
KAN1690344.1	NP_997401	42.6	2.34e-82	257
KAN1690363.1	NP_000373	40.8	8.64e-111	333
KAN1690368.1	NP_653164	48.7	2.16e-71	219
KAN1690404.1	NP_997401	30.4	7.29e-33	127
KAN1690444.1	NP_060850	30.6	3.42e-33	130
KAN1690466.1	NP_079428	40.9	6.56e-57	182
KAN1690470.1	NP_000681	53.0	2.26e-172	492
KAN1690471.1	NP_000681	52.1	2.04e-173	495
KAN1690472.1	NP_001389	48.7	2.83e-65	204
KAN1690480.1	NP_000776	31.9	1.11e-19	88.2
KAN1690481.1	NP_000683	52.2	1.63e-169	485
KAN1690503.1	NP_001073918	33.4	9.29e-163	511
KAN1690511.1	NP_002038	48.3	3.08e-207	595
KAN1690560.1	NP_060500	36.2	6.28e-70	238
KAN1690657.1	NP_055049	33.3	2.13e-19	80.9
KAN1690802.1	NP_000775	23.7	7.62e-17	80.5
KAN1690808.1	NP_001239604	20.8	1.94e-07	51.2
KAN1690811.1	NP_000773	21.6	1.31e-20	91.3
KAN1690822.1	NP_001275695	28.8	1.20e-08	52.0
KAN1690845.1	NP_079272	56.0	6.70e-259	752
KAN1690856.1	NP_777582	31.1	3.30e-50	177
KAN1690858.1	NP_000089	30.1	3.25e-70	236
KAN1690860.1	NP_005800	64.9	4.02e-89	257
KAN1690870.1	NP_777582	32.1	6.25e-49	173
KAN1690907.1	NP_004095	26.7	7.16e-14	73.2
KAN1690936.1	NP_001275695	31.1	9.36e-31	123
KAN1690939.1	NP_955452	27.2	3.58e-34	140
KAN1690962.1	NP_060668	39.5	4.04e-10	58.2
KAN1690963.1	NP_005754	28.2	4.95e-108	352
KAN1690965.1	NP_055781	32.3	2.78e-69	243
KAN1690989.1	NP_001116105	51.3	0.0	1437
KAN1690996.1	NP_536341	47.9	3.72e-85	263
KAN1690998.1	NP_060867	30.8	1.57e-59	205
KAN1691004.1	NP_060867	30.5	2.10e-58	202
KAN1691015.1	NP_004896	48.8	9.26e-72	215
KAN1691017.1	NP_004896	54.8	7.97e-83	243
KAN1691021.1	NP_004896	53.8	5.28e-81	238
KAN1691053.1	NP_000773	27.6	2.11e-16	78.2
KAN1691054.1	NP_775742	29.2	5.94e-06	43.5
KAN1691056.1	NP_001239605	33.0	7.96e-11	60.8
KAN1691071.1	NP_036255	44.0	3.18e-151	447
KAN1691079.1	NP_055635	29.9	2.29e-40	149
KAN1691107.1	NP_002291	31.4	2.92e-47	159
KAN1691136.1	NP_005720	57.7	2.53e-63	190
KAN1691137.1	NP_060867	28.0	4.75e-43	159
KAN1691164.1	NP_001139443	27.1	1.23e-08	51.2
KAN1692196.1	NP_001242939	30.1	8.94e-28	114
KAN1692253.1	NP_001743	43.5	1.19e-112	348
KAN1692265.1	NP_000775	44.0	1.40e-14	72.8
KAN1692305.1	NP_000775	33.7	1.90e-21	94.0
KAN1692329.1	NP_001598	56.7	5.92e-136	392
KAN1692334.1	NP_005909	55.1	1.12e-111	325
KAN1692396.1	NP_064571	42.0	9.47e-17	67.8
KAN1692402.1	NP_000776	27.0	3.32e-15	74.3
KAN1692420.1	NP_116009	38.3	1.14e-101	312
KAN1692424.1	NP_001089	71.7	0.0	1088
KAN1692427.1	NP_001600	56.5	4.76e-149	426
KAN1692429.1	NP_116199	31.9	1.88e-35	135
KAN1692436.1	NP_060345	33.9	2.67e-17	75.1
KAN1692438.1	NP_071381	33.3	9.58e-68	223
KAN1692445.1	NP_001658	62.6	2.21e-68	202
KAN1692455.1	NP_002444	30.0	2.35e-22	99.8
KAN1692460.1	NP_055199	27.0	1.53e-16	77.0
KAN1692466.1	NP_110407	38.6	5.38e-46	155
KAN1692478.1	NP_060867	33.0	3.31e-40	145
KAN1692494.1	NP_004580	43.7	5.14e-54	173
KAN1692508.1	NP_000776	23.4	3.01e-15	74.7
KAN1692566.1	NP_000088	50.4	4.53e-113	333
KAN1692589.1	NP_060225	36.6	3.27e-124	383
KAN1692597.1	NP_060867	30.4	1.19e-37	140
KAN1692646.1	NP_079425	30.6	2.89e-77	254
KAN1692647.1	NP_085056	35.7	1.25e-13	64.3
KAN1692669.1	NP_057100	27.5	1.39e-08	52.4
KAN1692670.1	NP_056512	39.1	1.70e-40	142
KAN1692671.1	NP_060530	39.7	9.19e-219	647
KAN1692673.1	NP_001239606	23.8	1.02e-06	50.1
KAN1692677.1	NP_060668	24.2	1.98e-25	106
KAN1692679.1	NP_001041638	40.0	1.91e-86	273
KAN1692696.1	NP_004319	30.0	4.31e-48	170
KAN1692714.1	NP_001159831	53.8	1.12e-165	473
KAN1692763.1	NP_116052	30.9	2.31e-11	63.5
KAN1692787.1	NP_000405	28.2	1.08e-08	51.2
KAN1692813.1	NP_071415	29.2	6.15e-42	155
KAN1692814.1	NP_001035806	38.5	4.85e-80	272
KAN1692816.1	NP_036340	46.1	1.50e-136	403
KAN1692832.1	NP_055049	28.1	2.33e-21	86.7
KAN1692840.1	NP_006787	42.9	1.36e-57	197
KAN1692841.1	NP_001073918	26.0	2.71e-22	99.8
KAN1692857.1	NP_000687	29.9	4.86e-21	85.5
KAN1692939.1	NP_001229603	51.3	1.12e-150	433
KAN1692944.1	NP_001129294	42.6	4.63e-78	238
KAN1693021.1	NP_055049	33.2	2.96e-31	113
KAN1693022.1	NP_055049	37.7	8.83e-17	71.6
KAN1694041.1	NP_071381	35.3	6.25e-72	233
KAN1694043.1	NP_060345	33.9	2.67e-17	75.1
KAN1694050.1	NP_116199	31.9	1.88e-35	135
KAN1694052.1	NP_001600	56.5	4.76e-149	426
KAN1694055.1	NP_001089	71.7	0.0	1088
KAN1694059.1	NP_116009	38.3	4.49e-101	310
KAN1694094.1	NP_000776	26.8	2.39e-14	71.6
KAN1694100.1	NP_064571	42.0	1.20e-14	67.8
KAN1694167.1	NP_005909	55.4	1.38e-112	327
KAN1694172.1	NP_001598	56.5	1.19e-135	392
KAN1694192.1	NP_000775	34.5	2.76e-22	96.3
KAN1694230.1	NP_000775	39.7	1.69e-09	55.5
KAN1694242.1	NP_001743	44.4	2.87e-114	352
KAN1694294.1	NP_001239606	26.1	4.84e-10	56.2
KAN1694324.1	NP_653251	48.8	2.13e-142	414
