protein_id,mitocarta_rbh,mitocarta_target,identity,swissprot_mito
KAN1670688.1,0,,,1
KAN1670719.1,0,,,1
KAN1670721.1,1,NP_057128,38.1,1
KAN1670738.1,0,,,1
KAN1670774.1,0,,,1
KAN1670799.1,1,NP_001244292,28.5,1
KAN1670821.1,1,NP_056651,39.4,1
KAN1670852.1,1,NP_003162,34.0,1
KAN1670880.1,0,,,1
KAN1670901.1,0,,,1
KAN1670904.1,0,,,1
KAN1670929.1,1,NP_057111,36.8,1
KAN1670940.1,1,NP_037543,58.3,1
KAN1670942.1,1,NP_054861,38.5,0
KAN1670974.1,0,,,1
KAN1671005.1,1,NP_000628,54.1,1
KAN1671008.1,1,NP_003353,44.4,1
KAN1671010.1,0,,,1
KAN1671035.1,1,NP_000427,51.5,1
KAN1671049.1,1,NP_002444,42.3,0
KAN1671062.1,0,,,1
KAN1671070.1,1,NP_116119,30.5,0
KAN1671080.1,0,,,1
KAN1671094.1,1,NP_001192176,41.0,0
KAN1671101.1,1,NP_001035517,42.3,1
KAN1671108.1,1,NP_001116080,47.1,1
KAN1671111.1,1,NP_997401,53.4,0
KAN1671130.1,1,NP_689953,41.1,1
KAN1671142.1,1,NP_004426,38.8,1
KAN1671146.1,0,,,1
KAN1671171.1,1,NP_054894,33.5,1
KAN1671192.1,1,NP_060116,32.8,1
KAN1671196.1,0,,,1
KAN1671197.1,1,NP_002504,53.0,0
KAN1671201.1,1,NP_001157207,33.6,0
KAN1671206.1,0,,,1
KAN1671213.1,1,NP_064587,56.5,0
KAN1671243.1,1,NP_005872,32.3,0
KAN1671252.1,1,NP_783859,31.2,0
KAN1671272.1,1,NP_001177912,51.4,1
KAN1671283.1,0,,,1
KAN1671311.1,0,,,1
KAN1671317.1,1,NP_077728,33.5,1
KAN1671325.1,1,NP_065796,38.3,1
KAN1671331.1,1,NP_003680,43.4,0
KAN1671333.1,1,NP_066552,58.7,1
KAN1671360.1,0,,,1
KAN1671365.1,0,,,1
KAN1671367.1,1,NP_036475,51.7,1
KAN1671379.1,1,NP_997000,25.6,0
KAN1671380.1,1,NP_009139,45.0,0
KAN1671398.1,1,NP_002533,39.7,0
KAN1671401.1,1,NP_004319,49.4,1
KAN1671408.1,0,,,1
KAN1671419.1,0,,,1
KAN1671437.1,0,,,1
KAN1671476.1,1,NP_068746,51.8,1
KAN1671499.1,0,,,1
KAN1671502.1,1,NP_001677,81.0,1
KAN1671504.1,0,,,1
KAN1671510.1,1,NP_055177,39.9,1
KAN1671513.1,1,NP_066923,71.5,1
KAN1671518.1,1,NP_001099040,27.6,0
KAN1671521.1,1,NP_001163,44.8,0
KAN1671538.1,1,NP_002216,59.7,1
KAN1671545.1,1,NP_001269917,35.3,0
KAN1671554.1,1,NP_001191087,35.3,0
KAN1671557.1,1,NP_002147,56.9,1
KAN1671560.1,1,NP_060192,40.0,1
KAN1671581.1,0,,,1
KAN1671586.1,1,NP_006558,43.5,1
KAN1671587.1,0,,,1
KAN1671588.1,1,NP_056255,50.7,0
KAN1671595.1,0,,,1
KAN1671602.1,1,NP_644812,35.4,0
KAN1671617.1,1,NP_954697,45.4,0
KAN1671625.1,1,NP_067022,40.0,1
KAN1671633.1,1,NP_001159482,35.7,1
KAN1671646.1,1,NP_036450,38.4,1
KAN1671650.1,1,NP_004159,65.5,1
KAN1671656.1,0,,,1
KAN1671663.1,0,,,1
KAN1671664.1,0,,,1
KAN1671674.1,0,,,1
KAN1671675.1,1,NP_003670,43.9,1
KAN1671699.1,1,NP_001258978,29.5,0
KAN1671705.1,1,NP_722546,41.2,0
KAN1671719.1,0,,,1
KAN1671727.1,1,NP_689482,59.0,1
KAN1671733.1,1,NP_543022,52.2,0
KAN1671770.1,1,NP_000275,52.3,1
KAN1671771.1,0,,,1
KAN1671779.1,1,NP_060850,31.7,0
KAN1671782.1,1,NP_060476,37.6,0
KAN1671794.1,0,,,1
KAN1671808.1,0,,,1
KAN1671818.1,1,NP_001018114,42.0,1
KAN1671820.1,0,,,1
KAN1671822.1,1,NP_077733,35.2,1
KAN1671841.1,0,,,1
KAN1671859.1,1,NP_001026847,39.9,0
KAN1671870.1,1,NP_004960,34.8,0
KAN1671873.1,0,,,1
KAN1671890.1,0,,,1
KAN1671894.1,1,NP_000047,55.3,1
KAN1671915.1,1,NP_004854,44.0,0
KAN1671925.1,0,,,1
KAN1671929.1,0,,,1
KAN1671931.1,1,NP_001027535,42.1,1
KAN1671936.1,1,NP_060867,33.2,0
KAN1671939.1,1,NP_009193,33.6,0
KAN1671951.1,1,NP_958800,55.9,1
KAN1671960.1,0,,,1
KAN1671964.1,1,NP_005165,40.4,1
KAN1672052.1,1,NP_001188306,52.2,1
KAN1672067.1,1,NP_079426,46.2,0
KAN1672087.1,0,,,1
KAN1672114.1,1,NP_079114,32.3,0
KAN1672120.1,1,NP_056481,50.0,0
KAN1672164.1,1,NP_002159,64.6,1
KAN1672177.1,1,NP_597700,43.1,1
KAN1672178.1,1,NP_000182,47.8,0
KAN1672207.1,1,NP_055873,27.9,0
KAN1672217.1,1,NP_001268666,49.4,1
KAN1672228.1,1,NP_009034,72.6,1
KAN1672287.1,1,NP_001257609,27.6,1
KAN1672304.1,1,NP_115890,54.1,0
KAN1672377.1,1,NP_001186912,54.8,1
KAN1672412.1,0,,,1
KAN1674115.1,0,,,1
KAN1674177.1,0,,,1
KAN1674185.1,0,,,1
KAN1674209.1,0,,,1
KAN1674225.1,0,,,1
KAN1674238.1,1,NP_057419,23.8,0
KAN1674318.1,1,NP_001077083,36.9,1
KAN1674369.1,0,,,1
KAN1674379.1,1,NP_001909,32.7,1
KAN1674382.1,0,,,1
KAN1674406.1,1,NP_055153,34.8,1
KAN1674409.1,1,NP_056515,54.5,0
KAN1674429.1,1,NP_001076581,60.2,1
KAN1674468.1,1,NP_112202,53.1,1
KAN1674484.1,1,NP_006003,53.7,1
KAN1674496.1,1,NP_006321,42.2,0
KAN1674523.1,1,NP_002970,52.1,1
KAN1674527.1,0,,,1
KAN1674552.1,0,,,1
KAN1674560.1,1,NP_001138341,35.1,0
KAN1674568.1,1,NP_036272,40.4,1
KAN1674581.1,0,,,1
KAN1674594.1,0,,,1
KAN1674605.1,1,NP_001258757,33.1,1
KAN1674610.1,1,NP_005155,45.6,0
KAN1674625.1,1,NP_001019636,53.0,1
KAN1674637.1,0,,,1
KAN1674646.1,1,NP_005994,57.6,1
KAN1674671.1,1,NP_001128582,34.4,1
KAN1674683.1,0,,,1
KAN1674698.1,1,NP_003841,56.6,0
KAN1674701.1,1,NP_004542,56.1,1
KAN1674704.1,1,NP_009169,39.1,0
KAN1674720.1,1,NP_057161,52.6,0
KAN1674722.1,0,,,1
KAN1674731.1,1,NP_000135,48.3,1
KAN1674732.1,1,NP_001106678,40.4,1
KAN1674737.1,0,,,1
KAN1674748.1,1,NP_001181,47.4,1
KAN1674750.1,1,NP_002625,52.3,1
KAN1674752.1,1,NP_060500,36.5,0
KAN1674754.1,0,,,1
KAN1674758.1,0,,,1
KAN1674767.1,1,NP_004076,36.6,1
KAN1674773.1,0,,,1
KAN1674786.1,1,NP_001123291,43.8,1
KAN1674813.1,1,NP_689996,50.7,1
KAN1674817.1,0,,,1
KAN1674830.1,0,,,1
KAN1674835.1,1,NP_000134,65.8,1
KAN1674840.1,1,NP_006850,56.8,1
KAN1674842.1,1,NP_001922,49.3,1
KAN1674876.1,1,NP_004994,48.3,1
KAN1674890.1,1,NP_003312,56.9,1
KAN1674891.1,1,NP_004474,47.9,0
KAN1674896.1,0,,,1
KAN1674910.1,1,NP_002071,61.2,1
KAN1674915.1,1,NP_057100,37.7,1
KAN1674934.1,1,NP_067653,52.5,1
KAN1674950.1,0,,,1
KAN1674957.1,0,,,1
KAN1674961.1,1,NP_060626,25.8,0
KAN1674973.1,1,NP_004499,55.5,0
KAN1674976.1,1,NP_057182,52.3,1
KAN1674977.1,1,NP_002302,28.2,0
KAN1675011.1,0,,,1
KAN1675012.1,1,NP_001627,53.9,1
KAN1675038.1,0,,,1
KAN1675053.1,1,NP_536341,54.6,0
KAN1675054.1,1,NP_003840,66.6,1
KAN1675075.1,1,NP_005580,58.5,1
KAN1675083.1,1,NP_006787,60.6,1
KAN1675096.1,0,,,1
KAN1675114.1,1,NP_000378,48.6,1
KAN1675116.1,0,,,1
KAN1675150.1,0,,,1
KAN1675154.1,0,,,1
KAN1675166.1,0,,,1
KAN1675183.1,1,NP_060297,34.7,1
KAN1675191.1,1,NP_004948,37.9,1
KAN1675205.1,1,NP_003163,36.0,1
KAN1675221.1,1,NP_443085,30.2,1
KAN1675230.1,1,NP_005923,36.1,1
KAN1675238.1,1,NP_000161,53.5,1
KAN1675269.1,1,NP_789845,44.4,0
KAN1675287.1,0,,,1
KAN1675289.1,1,NP_055975,32.0,1
KAN1675298.1,1,NP_997231,36.7,1
KAN1675319.1,1,NP_003696,38.2,1
KAN1675324.1,1,NP_005934,53.9,1
KAN1675326.1,1,NP_001474,38.2,1
KAN1675349.1,1,NP_002003,38.8,0
KAN1675360.1,0,,,1
KAN1675365.1,1,NP_055781,32.7,0
KAN1675366.1,1,NP_055209,35.9,1
KAN1675385.1,1,NP_705904,40.1,0
KAN1675395.1,0,,,1
KAN1675467.1,1,NP_055132,43.4,1
KAN1675490.1,0,,,1
KAN1675496.1,1,NP_078954,36.1,0
KAN1675523.1,1,NP_064551,45.4,1
KAN1675569.1,1,NP_525022,23.6,0
KAN1675584.1,1,NP_036605,41.0,0
KAN1675623.1,0,,,1
KAN1675638.1,1,NP_057034,31.6,1
KAN1675667.1,1,NP_004246,41.6,1
KAN1675677.1,1,NP_036335,41.3,0
KAN1675692.1,1,NP_056991,44.7,0
KAN1675711.1,1,NP_004541,70.4,1
KAN1675715.1,0,,,1
KAN1677139.1,0,,,1
KAN1677216.1,1,NP_001034444,37.5,1
KAN1677232.1,0,,,1
KAN1677314.1,1,NP_078813,43.0,0
KAN1677326.1,0,,,1
KAN1677335.1,1,NP_004609,34.8,0
KAN1677337.1,0,,,1
KAN1677353.1,1,NP_068758,39.8,0
KAN1677370.1,0,,,1
KAN1677410.1,1,NP_808881,25.8,0
KAN1677419.1,1,NP_001002913,36.3,0
KAN1677422.1,0,,,1
KAN1677423.1,1,NP_002519,47.5,1
KAN1677461.1,0,,,1
KAN1677485.1,0,,,1
KAN1677523.1,0,,,1
KAN1677570.1,0,,,1
KAN1677599.1,0,,,1
KAN1677600.1,1,NP_000117,51.9,1
KAN1677619.1,0,,,1
KAN1677627.1,1,NP_005825,53.4,1
KAN1677645.1,1,NP_001688,38.3,1
KAN1677652.1,0,,,1
KAN1677654.1,0,,,1
KAN1677664.1,0,,,1
KAN1677668.1,0,,,1
KAN1677733.1,1,NP_071748,31.0,0
KAN1677749.1,1,NP_056230,64.8,1
KAN1677772.1,0,,,1
KAN1677777.1,1,NP_005680,49.1,1
KAN1677782.1,0,,,1
KAN1677799.1,1,NP_004083,57.0,1
KAN1677821.1,1,NP_113651,33.9,0
KAN1677827.1,1,NP_689920,36.1,1
KAN1677843.1,0,,,1
KAN1677857.1,0,,,1
KAN1677858.1,1,NP_060299,34.8,1
KAN1677893.1,1,NP_055205,34.6,0
KAN1677904.1,1,NP_001091972,57.1,1
KAN1677916.1,0,,,1
KAN1677965.1,0,,,1
KAN1677967.1,1,NP_443195,43.4,0
KAN1677972.1,1,NP_001035526,38.5,0
KAN1677977.1,1,NP_112486,52.2,0
KAN1677988.1,1,NP_065154,39.7,1
KAN1677994.1,1,NP_001880,32.7,0
KAN1678003.1,1,NP_000131,57.3,1
KAN1678011.1,1,NP_077718,71.9,1
KAN1678020.1,1,NP_689755,32.7,0
KAN1678029.1,0,,,1
KAN1678031.1,1,NP_056338,47.2,0
KAN1678051.1,0,,,1
KAN1678066.1,1,NP_001186976,61.8,0
KAN1678068.1,1,NP_000150,60.2,1
KAN1678086.1,0,,,1
KAN1678087.1,1,NP_057611,39.4,1
KAN1678099.1,1,NP_004125,65.4,1
KAN1678102.1,0,,,1
KAN1678119.1,1,NP_036221,46.1,1
KAN1678173.1,0,,,1
KAN1678184.1,1,NP_001138299,29.9,0
KAN1678187.1,1,NP_000773,23.8,0
KAN1678215.1,1,NP_005318,36.2,0
KAN1678217.1,1,NP_055470,23.7,1
KAN1678242.1,0,,,1
KAN1678245.1,0,,,1
KAN1678273.1,1,NP_001139443,36.4,0
KAN1678276.1,1,NP_001001563,37.2,1
KAN1678293.1,1,NP_055067,33.4,1
KAN1678316.1,0,,,1
KAN1678413.1,1,NP_001245322,34.1,1
KAN1678414.1,1,NP_001129294,42.5,0
KAN1678420.1,1,NP_683682,26.2,0
KAN1678528.1,0,,,1
KAN1678529.1,0,,,1
KAN1678533.1,1,NP_079034,33.4,0
KAN1678542.1,0,,,1
KAN1678546.1,0,,,1
KAN1678547.1,1,NP_036192,42.4,1
KAN1678548.1,0,,,1
KAN1678641.1,1,NP_079046,27.9,0
KAN1678644.1,1,NP_001091991,34.7,0
KAN1678651.1,1,NP_060762,36.1,1
KAN1678686.1,1,NP_005509,47.2,0
KAN1678733.1,1,NP_036372,33.1,1
KAN1678739.1,1,NP_001229811,42.3,0
KAN1678742.1,0,,,1
KAN1678743.1,0,,,1
KAN1678765.1,0,,,1
KAN1678811.1,1,NP_001002020,28.8,0
KAN1678832.1,1,NP_059117,33.3,0
KAN1678840.1,0,,,1
KAN1678855.1,1,NP_001352,48.7,1
KAN1678866.1,1,NP_001084,46.6,0
KAN1678873.1,1,NP_057501,63.6,1
KAN1678874.1,1,NP_004484,39.1,0
KAN1678892.1,1,NP_872286,31.9,1
KAN1678933.1,1,NP_057152,35.9,1
KAN1678936.1,0,,,1
KAN1679004.1,1,NP_036277,43.3,0
KAN1679012.1,1,NP_998776,51.9,1
KAN1679017.1,1,NP_001229768,56.2,1
KAN1679030.1,1,NP_001107656,37.0,0
KAN1679044.1,0,,,1
KAN1679048.1,1,NP_001180389,50.9,0
KAN1679052.1,1,NP_004037,72.6,1
KAN1679063.1,1,NP_001035806,54.0,0
KAN1679073.1,1,NP_057095,40.9,1
KAN1679088.1,0,,,1
KAN1679092.1,0,,,1
KAN1679112.1,0,,,1
KAN1679113.1,1,NP_001907,62.1,1
KAN1679136.1,1,NP_057696,44.7,1
KAN1679140.1,0,,,1
KAN1679184.1,1,NP_001180289,33.0,1
KAN1679187.1,1,NP_001017423,41.8,0
KAN1679202.1,0,,,1
KAN1679214.1,0,,,1
KAN1679216.1,1,NP_006342,29.3,1
KAN1679236.1,0,,,1
KAN1680837.1,1,NP_057170,30.7,0
KAN1680857.1,1,NP_005720,64.6,0
KAN1680925.1,0,,,1
KAN1680972.1,1,NP_060777,43.0,1
KAN1681024.1,1,NP_000445,55.2,0
KAN1681030.1,1,NP_001138303,52.2,1
KAN1681043.1,0,,,1
KAN1681050.1,1,NP_002486,47.1,1
KAN1681096.1,0,,,1
KAN1681097.1,0,,,1
KAN1681104.1,1,NP_658985,52.8,1
KAN1681106.1,1,NP_036371,50.4,0
KAN1681167.1,0,,,1
KAN1681178.1,1,NP_001271330,37.0,1
KAN1681191.1,1,NP_065142,48.1,1
KAN1681195.1,0,,,1
KAN1681258.1,1,NP_071413,48.0,0
KAN1681260.1,0,,,1
KAN1681262.1,0,,,1
KAN1681264.1,1,NP_065777,40.3,0
KAN1681293.1,0,,,1
KAN1681300.1,1,NP_000700,53.5,1
KAN1681310.1,1,NP_001171752,36.2,1
KAN1681319.1,1,NP_996531,33.5,1
KAN1681348.1,0,,,1
KAN1681374.1,0,,,1
KAN1681376.1,0,,,1
KAN1681377.1,1,NP_004993,41.0,1
KAN1681381.1,1,NP_203526,56.3,0
KAN1681385.1,1,NP_060597,29.7,0
KAN1681409.1,1,NP_116199,49.5,1
KAN1681416.1,0,,,1
KAN1681418.1,0,,,1
KAN1681440.1,1,NP_115690,45.6,1
KAN1681483.1,1,NP_002532,49.5,1
KAN1681484.1,1,NP_001180242,37.9,1
KAN1681539.1,1,NP_055049,35.9,0
KAN1681541.1,0,,,1
KAN1681543.1,0,,,1
KAN1681580.1,1,NP_775742,49.8,1
KAN1681591.1,0,,,1
KAN1682623.1,1,NP_919417,39.8,1
KAN1682699.1,1,NP_005539,57.2,0
KAN1682704.1,1,NP_000373,46.1,0
KAN1682711.1,1,NP_064716,35.9,0
KAN1682714.1,1,NP_064695,42.0,0
KAN1682717.1,1,NP_061176,45.5,1
KAN1682721.1,0,,,1
KAN1682780.1,1,NP_001098117,41.0,1
KAN1682803.1,1,NP_060311,49.1,1
KAN1682850.1,0,,,1
KAN1682876.1,0,,,1
KAN1682891.1,0,,,1
KAN1682906.1,1,NP_001028260,48.0,1
KAN1682910.1,0,,,1
KAN1682915.1,1,NP_612393,29.9,1
KAN1682992.1,1,NP_000300,32.0,1
KAN1682998.1,1,NP_002387,40.6,1
KAN1683007.1,1,NP_001924,47.2,1
KAN1683026.1,0,,,1
KAN1683083.1,1,NP_640335,26.2,0
KAN1683120.1,1,NP_002148,48.1,1
KAN1683139.1,1,NP_000522,48.4,1
KAN1683166.1,1,NP_001265478,33.9,1
KAN1683174.1,0,,,1
KAN1683195.1,0,,,1
KAN1685176.1,0,,,1
KAN1685178.1,0,,,1
KAN1685249.1,1,NP_056512,34.0,1
KAN1685252.1,0,,,1
KAN1685291.1,1,NP_114106,28.9,0
KAN1685307.1,1,NP_683711,34.8,1
KAN1685333.1,1,NP_113642,32.8,1
KAN1685335.1,1,NP_055139,43.4,1
KAN1685347.1,0,,,1
KAN1685348.1,0,,,1
KAN1685421.1,0,,,1
KAN1685447.1,1,NP_060342,40.0,1
KAN1685464.1,1,NP_004366,46.8,1
KAN1685465.1,0,,,1
KAN1685470.1,1,NP_653337,36.6,1
KAN1685500.1,1,NP_001853,41.8,1
KAN1685519.1,1,NP_000472,45.5,1
KAN1685534.1,0,,,1
KAN1685561.1,1,NP_000405,52.5,0
KAN1685629.1,0,,,1
KAN1685637.1,1,NP_000447,39.1,0
KAN1685640.1,1,NP_001854,49.4,1
KAN1685643.1,1,NP_036590,50.0,1
KAN1685646.1,1,NP_001294,39.8,1
KAN1685652.1,1,NP_004068,64.9,1
KAN1685661.1,1,NP_001230679,40.5,1
KAN1685676.1,0,,,1
KAN1685677.1,1,NP_065175,47.2,1
KAN1685679.1,0,,,1
KAN1685681.1,1,NP_001087,56.6,0
KAN1685684.1,0,,,1
KAN1685685.1,1,NP_060666,42.3,0
KAN1685686.1,0,,,1
KAN1685720.1,0,,,1
KAN1685727.1,1,NP_001910,28.5,1
KAN1685751.1,1,NP_079235,47.3,0
KAN1685795.1,1,NP_002076,41.5,1
KAN1685835.1,1,NP_001073331,57.6,0
KAN1685848.1,1,NP_001177162,60.9,0
KAN1685885.1,0,,,1
KAN1685892.1,0,,,1
KAN1685893.1,1,NP_001263408,43.8,1
KAN1685903.1,1,NP_061820,63.7,1
KAN1685904.1,0,,,1
KAN1685912.1,0,,,1
KAN1685948.1,1,NP_002684,36.1,1
KAN1685956.1,1,NP_001258627,49.1,1
KAN1685962.1,1,NP_150592,42.0,1
KAN1685964.1,1,NP_872603,41.8,0
KAN1686005.1,1,NP_009129,40.2,0
KAN1686702.1,0,,,1
KAN1686833.1,1,NP_054797,39.7,1
KAN1686836.1,0,,,1
KAN1686847.1,1,NP_003739,47.8,0
KAN1686849.1,0,,,1
KAN1686895.1,0,,,1
KAN1686903.1,0,,,1
KAN1686910.1,0,,,1
KAN1686915.1,1,NP_077025,50.9,1
KAN1686921.1,1,NP_001071,51.7,0
KAN1686925.1,1,NP_085056,50.7,0
KAN1686957.1,1,NP_004555,37.3,1
KAN1686982.1,1,NP_660200,28.9,0
KAN1686991.1,0,,,1
KAN1687031.1,1,NP_660358,43.3,1
KAN1687034.1,1,NP_071415,59.5,1
KAN1687036.1,0,,,1
KAN1687042.1,1,NP_002487,70.2,1
KAN1687043.1,0,,,1
KAN1687050.1,1,NP_065837,31.3,1
KAN1687071.1,0,,,1
KAN1687092.1,1,NP_001689,50.6,0
KAN1687104.1,1,NP_001653,81.1,0
KAN1687137.1,0,,,1
KAN1687139.1,1,NP_001275695,38.9,0
KAN1687153.1,1,NP_005521,62.2,1
KAN1687177.1,1,NP_777280,50.8,1
KAN1687181.1,1,NP_000916,66.5,1
KAN1687185.1,1,NP_077008,32.5,1
KAN1687213.1,0,,,1
KAN1687232.1,1,NP_005827,32.0,0
KAN1687245.1,1,NP_057151,45.5,1
KAN1687285.1,1,NP_001129673,41.1,0
KAN1687289.1,0,,,1
KAN1687290.1,1,NP_001010867,29.6,1
KAN1687292.1,0,,,1
KAN1687302.1,1,NP_000010,52.7,1
KAN1687345.1,1,NP_001008661,35.0,0
KAN1687381.1,1,NP_733935,52.9,1
KAN1687388.1,0,,,1
KAN1687398.1,1,NP_998760,68.9,1
KAN1687425.1,0,,,1
KAN1687437.1,1,NP_060592,36.7,1
KAN1687443.1,1,NP_079523,52.6,0
KAN1687453.1,0,,,1
KAN1687454.1,1,NP_060809,42.9,0
KAN1687458.1,0,,,1
KAN1687459.1,1,NP_000023,49.3,1
KAN1687468.1,0,,,1
KAN1687478.1,0,,,1
KAN1687484.1,1,NP_006651,44.2,0
KAN1687494.1,0,,,1
KAN1687512.1,1,NP_510870,46.1,1
KAN1687544.1,0,,,1
KAN1687546.1,0,,,1
KAN1687600.1,0,,,1
KAN1687638.1,0,,,1
KAN1688253.1,0,,,1
KAN1688264.1,1,NP_001976,58.2,1
KAN1688265.1,0,,,1
KAN1688306.1,0,,,1
KAN1688398.1,1,NP_002481,38.2,1
KAN1688424.1,1,NP_000265,57.7,0
KAN1688457.1,0,,,1
KAN1688464.1,1,NP_005006,28.3,0
KAN1688477.1,0,,,1
KAN1688481.1,0,,,1
KAN1688495.1,1,NP_000889,37.5,0
KAN1688503.1,1,NP_001028755,35.1,1
KAN1688516.1,0,,,1
KAN1688597.1,0,,,1
KAN1688599.1,1,NP_005026,40.4,1
KAN1688616.1,1,NP_005975,41.3,1
KAN1688635.1,0,,,1
KAN1688637.1,0,,,1
KAN1688639.1,1,NP_116184,30.3,0
KAN1688663.1,0,,,1
KAN1688664.1,1,NP_079152,42.0,1
KAN1688671.1,1,NP_001164641,39.4,1
KAN1688713.1,1,NP_001093243,27.5,0
KAN1690159.1,1,NP_002991,69.1,1
KAN1690181.1,1,NP_036226,42.0,0
KAN1690183.1,1,NP_068605,35.0,1
KAN1690204.1,1,NP_116250,26.4,0
KAN1690215.1,1,NP_000099,61.2,1
KAN1690238.1,1,NP_056325,29.4,0
KAN1690273.1,0,,,1
KAN1690329.1,1,NP_001743,53.0,0
KAN1690350.1,0,,,1
KAN1690366.1,0,,,1
KAN1690368.1,1,NP_653164,48.7,0
KAN1690375.1,0,,,1
KAN1690466.1,1,NP_079428,40.9,1
KAN1690471.1,1,NP_000681,52.1,0
KAN1690472.1,1,NP_001389,48.7,1
KAN1690480.1,1,NP_000776,31.9,0
KAN1690503.1,1,NP_001073918,33.4,1
KAN1690511.1,1,NP_002038,48.3,0
KAN1690634.1,0,,,1
KAN1690635.1,0,,,1
KAN1690845.1,1,NP_079272,56.0,1
KAN1690856.1,1,NP_777582,31.1,0
KAN1690858.1,1,NP_000089,30.1,1
KAN1690860.1,1,NP_005800,64.9,0
KAN1690907.1,1,NP_004095,26.7,0
KAN1690930.1,0,,,1
KAN1690939.1,1,NP_955452,27.2,0
KAN1690951.1,0,,,1
KAN1690963.1,1,NP_005754,28.2,0
KAN1690981.1,0,,,1
KAN1690989.1,1,NP_001116105,51.3,0
KAN1691017.1,1,NP_004896,54.8,0
KAN1691071.1,1,NP_036255,44.0,0
KAN1691078.1,0,,,1
KAN1691079.1,1,NP_055635,29.9,1
KAN1691107.1,1,NP_002291,31.4,0
KAN1691119.1,0,,,1
KAN1692196.1,1,NP_001242939,30.1,1
KAN1692243.1,0,,,1
KAN1692329.1,1,NP_001598,56.7,0
KAN1692334.1,0,,,1
KAN1692396.1,1,NP_064571,42.0,1
KAN1692420.1,1,NP_116009,38.3,1
KAN1692424.1,1,NP_001089,71.7,1
KAN1692427.1,1,NP_001600,56.5,1
KAN1692436.1,1,NP_060345,33.9,1
KAN1692438.1,0,,,1
KAN1692445.1,1,NP_001658,62.6,1
KAN1692466.1,1,NP_110407,38.6,1
KAN1692494.1,1,NP_004580,43.7,1
KAN1692501.1,0,,,1
KAN1692566.1,1,NP_000088,50.4,0
KAN1692589.1,1,NP_060225,36.6,0
KAN1692642.1,0,,,1
KAN1692646.1,1,NP_079425,30.6,0
KAN1692669.1,0,,,1
KAN1692671.1,1,NP_060530,39.7,0
KAN1692677.1,1,NP_060668,24.2,0
KAN1692679.1,1,NP_001041638,40.0,1
KAN1692696.1,0,,,1
KAN1692703.1,0,,,1
KAN1692714.1,1,NP_001159831,53.8,0
KAN1692763.1,1,NP_116052,30.9,0
KAN1692816.1,1,NP_036340,46.1,1
KAN1692823.1,0,,,1
KAN1692939.1,1,NP_001229603,51.3,0
KAN1694041.1,1,NP_071381,35.3,1
KAN1694043.1,0,,,1
KAN1694052.1,0,,,1
KAN1694055.1,0,,,1
KAN1694059.1,0,,,1
KAN1694100.1,0,,,1
KAN1694167.1,1,NP_005909,55.4,1
KAN1694192.1,1,NP_000775,34.5,0
KAN1694253.1,0,,,1
KAN1694324.1,1,NP_653251,48.8,1
